BREAST IMPLANT,7084
"MAMMARY IMPLANT, GEL-FILLED",1760
MAMMARY PROSTHESIS,1384
SALINE BREAST IMPLANT,1296
BREAST IMPLANTS,895
SILICONE BREAST IMPLANT,847
MAMMARY IMPLANT,805
*,750
SILICONE BREAST IMPLANTS,675
SALINE MAMMARY,673
MAM IMP GEL-FILLED,453
UNK,413
SALINE BREAST IMPLANTS,328
POLYURETHANE-COVERED MAMMARY IMPLANT,268
"PROSTHESIS, BREAST, NONINFLATABLE, INTERNAL, SILICONE GEL-FILLED",240
GEL MAMMARY IMPLANT,226
TEXTURED SALINE-FILL MAMMARY IMPLANT,223
GEL BREAST IMPLANTS,187
SILICONE GEL BREAST IMPLANT,176
SILICONE GEL BREAST IMPLANTS,173
"PROSTHESIS, BREAST, INFLATABLE, INTERNAL, SALINE",152
GEL-FILL MAMMARY IMPLANT,108
NONE,95
"MAMMARY IMPLANT, GEL FILLED",93
IMPLANT,91
GEL BREAST IMPLANT,91
UNKNOWN,86
"SUTURE, ABSORBABLE",81
GEL-SALINE MAMMARY IMPLANT,75
BILATERAL BREAST IMPLANTS,72
BREAST PROSTHESIS,67
CENTRAL/PLASTIC SURGERY,67
SILICONE IMPLANTS,66
GEL-FILLED MAMMARY IMPLANT,61
SALINE IMPLANT,58
SILICONE IMPLANT,57
MAMMARY IMPLANTS,56
MAM IMP SALINE-FILLED,56
SALINE IMPLANTS,55
NACL/SILICONE IMPLANT,53
SALINE FILLED MAMMARY PROSTHESIS,53
TISSUE EXPANDER,47
BILUMEN MAMMARY IMPLANT,44
NACL/SILICONE IMPLANTS,42
SALINE-FILL MAMMARY IMPLANT,41
SALINE FILLED BREAST IMPLANT,38
SALINE MAMMARY IMPLANTS,37
SALINE-FILLED BREAST IMPLANT,36
"MAMMARY IMPLANT, SALINE-FILL",34
SILICONE,34
SILICONE GEL-FILLED BREAST IMPLANT,34
SILICONE GEL IMPLANTS,33
"MAMMARY IMPLANT, GEL-SALINE",32
"MESH, SURGICAL, ABSORBABLE, PLASTIC AND RECONSTRUCTIVE SURGERY",31
TEXTURED GEL-FILL MAMMARY IMPLANT,30
SILICONE MAMMARY IMPLANTS,30
EXPANDER/MAMMARY PROSTH,30
"PROSTHESIS, BREAST",29
SALINE MAMMARY IMPLANT,28
SILICONE GEL MAMMARY IMPLANTS,28
SILICONE MAMMARY IMPLANT,28
EXPANDER/MAMMARY PROSTHESIS,27
MAMMARY IMPLANT GEL-FILLED,27
SILICONE BREAST PROSTHESIS,26
SALINE FILLED BREAST IMPLANTS,25
SALINE FILLED MAMMARY IMPLANTS,25
SILICONE GEL IMPLANT,25
SALINE FILLED MAMMARY IMPLANT,24
MAM IMP GEL-SALINE,24
SALINE MAMMARY PROSTHESIS,22
SILICONE MAMMARY PROSTHESIS,22
GEL-FILLED MAMMARY PROSTHESIS,19
INFUSION PUMP,19
GEL MAMMARY PROSTHESIS,19
SILICONE GEL-FILLED BREAST PROSTHESIS,19
SURGICAL MESH,18
LEFT BREAST IMPLANT,18
BILATERAL BREAST IMPLANT,18
DOUBLE LUMEN BREAST IMPLANTS,17
"SUTURE, ABSORBABLE, SYNTHETIC",17
IMPLANTS,16
SALINE FILL MAMMARY IMPLANT,16
VOLUME SIZER,16
CUSTOM IMPLANT,16
FILL TUBE,15
"PROSTHESES, MAMMARY, INTERNAL, GEL FILLED",15
GEL IMPLANT,15
MAMMARY PROSTHESES,15
SALINE-FILLED MAMMARY PROSTHESIS,15
RIGHT BREAST IMPLANT,15
SALINE-FILLED BREAST IMPLANTS,14
SALINE,14
"PROSTHESIS, BREAST, NONINFLATABLE, INTERNAL, SILICONE GEL-FI",13
"SUTURE, NONABSORBABLE, SYNTHETIC",13
BILATERAL SILICONE BREAST IMPLANTS,13
"IMPLANT, BREAST",13
"BREAST IMPLANT, SILICONE",13
DOUBLE LUMEN BREAST IMPLANT,12
GEL FILLED BREAST IMPLANT,12
SILICONE GEL FILLED BREAST IMPLANTS,12
ELECTROSURGICAL ACCESSORY,12
GEL-FILLED BREAST IMPLANT,12
SILICONE GEL MAMMARY IMPLANT,11
BILUMEN BREAST IMPLANTS,11
UNK BREAST IMPLANTS,11
TEXTURED SALINE BREAST IMPLANT,11
BREAST IMPLANT SALINE,11
GEL MAMMARY IMPLANTS,11
IMPLANT - BREAST,10
SILTEX SALINE FILLED MAMMARY PROSTHESIS,10
SALINE BREAST PROSTHESIS,10
SILICON BREAST IMPLANTS,10
BREAT IMPLANT,10
DOUBLE LUMEN MAMMARY IMPLANT,10
BREAST IMPLANTS SILICONE,10
SILICONE GEL-FILLED MAMMARY PROSTHESES,9
CENTRAL MONITOR SYSTEM,9
"PROSTHESES, MAMMARY, INTERNAL",9
PROSTHESIS,9
BILUMEN BREAST IMPLANT,9
200CC,9
GEL IMPLANTS,9
BILUMENS,9
"VENTILATOR, CONTINUOUS (FACILITY/HOME), NOU, CBK",9
ELASTOMERIC PUMP,9
SILICONE GEL-FILLED MAMMARY PROSTHESIS,9
BREAST IMPLANT - SALINE,8
"PROSTHESIS, MAMMARY, INTERNAL",8
300CC,8
SILICONE GEL MAMMARY PROSTHESIS,8
GEL FILLED MAMMARY PROSTHESIS,8
"ADHESIVE, TOPICAL SKIN",8
WOUND DRAINAGE SYSTEM,8
BREAST IMPLANTS (SILICONE),7
ADJUSTABLE MAMMARY IMPLANT,7
STYLE 168 MAMMARY IMPLANT,7
SALINE-FILLED MAMMARY IMPLANT,7
SILICONE GEL-FILLED MAMMARY IMPLANT,7
BREAST IMPLANT - SILICONE,7
SILICONE GEL,7
BREAST IMPLANT SILICONE,7
"VENTILATOR, CONTINUOUS (FACILITY/HOME)",7
SALINE FILLED IMPLANT,7
TEXTURED GEL-SALINE MAMMARY IMPLANT,7
SILICONE FILLED BREAST IMPLANTS,7
TEXTURED SALINE BREAST IMPLANTS,7
BREAST IMPLANT-SILICONE,7
235CC,6
"MAMMRY IMPLANT, GEL-FILLED",6
"BREAST IMPLANT, SALINE",6
"VENTILATOR, CONTINUOUS (FACILITY/HOME) CBK",6
NACL/SILICONE,6
SUTURE,6
SUTURES - ABSORBABLE,6
BREAST EXPANDER,6
BREAST IMPLANT (SALINE),6
BREAST TISSUE EXPANDER,6
SILICONE BREAST IMPLANT (R),6
UNKNOWN MAMMARY IMPLANT,6
NO RECORDS,6
SILICONE GEL-FILLED PROSTHESES,6
SILTEX SALINE BREAST IMPLANT,5
DOUBLE LUMEN MAMMARY PROSTHESIS,5
BREAST PROSTHESES,5
SILICONE MAMMARY PROSTHESIS (RIGHT),5
BREAST IMPLANT-SILICONE GEL,5
SILICONE MAMMARY PROSTHESIS (LEFT),5
SURGICAL SEALANT,5
SILICONE-FILLED BREAST IMPLANT,5
SILICONE FILLED BREAST IMPLANT,5
MENTOR BREAST IMPLANT,5
ES ACCESSORY,5
NI,5
GEL,5
UNK MAMMARY IMPLANT,5
DISPOSABLE CLIP APPLIER,5
REPLICON MAMMARY IMPLANT,5
GEL FILLED BREAST IMPLANTS,5
DIAGNOSTIC X-RAY,5
SILICONE GEL-FILLED PROSTHESIS,5
SILICONE GEL FILLED BREAST IMPLANT,5
BREAST IMPLANT-SALINE,5
PACER LEAD,4
BREAST SILICONE IMPLANT,4
ELECTROSURGICAL PENCIL,4
MENTOR SALINE IMPLANT,4
SMOOTH GEL-FILLED MAMMARY PROSTH,4
SILICON GEL BREAST IMPLANTS,4
280CC,4
SILICONE GEL-FILLED BREAST IMPLANTS,4
FTR,4
"VENTILATOR, CONTINUOUS (FACILITY/HOME), CBK",4
MENTOR,4
GEL FILLED MAMMARY PROSTHESES,4
LEFT SALINE BREAST IMPLANT,4
SALINE GEL FILLED MAMMARY PROSTHESES,4
COHESIVE GEL SILICONE BREAST IMPLANTS,4
SILTEX SPECTRUM MAMMARY PROSTHESIS,4
SALINE-FILLED MAMMARY PROSTHESES,4
ELECTROSURGICAL UNIT,4
270CC,4
MENTOR SILICONE GEL IMPLANTS,4
"PROSTHESIS, BREAST, SALINE",4
UNIVERSAL PACK,4
SMOOTH SALINE BREAST IMPLANT,4
SILICON BREAST IMPLANT,4
BILATERAL SILICONE GEL BREAST IMPLANTS,4
BREAST IMPLANT - LEFT,4
POLYURETHANE BREAST IMPLANTS,4
POWERED PERCUSSOR,4
SALINE FILLED BREAST PROSTHESIS,4
220 CC,4
EXPANDER MAMMARY PROSTHESIS,4
GEL BREASTS IMPLANTS,4
SALINE GEL BREAST IMPLANTS,4
"VENTILATOR, CONTINOUS (FACILITY/HOME) NOU, CBK",4
SILTEX SALINE-FILLED MAMMARY PROSTHESIS,4
MENTOR SALINE BREAST IMPLANTS,4
MAMMARY IMPLANT - SALINE,4
MULTI-GAS UNIT,4
MCGHAN BREAST IMPLANTS,4
BREAST IMPLANTS-SILICONE,4
HIGH PROF. GEL BREAST IMPLANT,4
POLURETHANE-COVERED MAMMARY IMPLANT,4
COHESIVE GEL IMPLANTS,4
MONOPOLAR FORCEPS,4
SALINE GEL FILLED MAMMARY PROSTHESIS,3
SALINE TISSUE EXPANDER,3
GEL-FILLED MAMMARY PROSTHESES,3
SILTEX SALINE IMPLANT,3
NAM IMP GEL-FILLED,3
UNKNOWN MAMMARY PROSTHESIS,3
310CC,3
PRE-FILLED SALINE SMOOTH BREAST IMPLANT,3
INFLATABLE MAMMARY PROSTHESIS,3
255CC,3
INFUSION CATHETER,3
MAM IMP GEL FILLED,3
BI-LUMEN BREAST IMPLANTS,3
ELECTROSURGICAL GENERATOR,3
GEL-FILLED INTERNAL MAMMARY PROSTHESES,3
POLYURETHANE - COATED SILICONE IMPLANTS,3
MAMMARY IMPLANTS - SILICONE,3
BREAST IMPLANT LEFT,3
SILICONE BREAST IMPLANT (L),3
SILASTIC GEL IMPLANT,3
SILICONE/POLYURETHANE BREAST IMPLANT,3
"DETECTOR AND ALARM, ARRHYTHMIA",3
RIGHT SALINE BREAST IMPLANT,3
SAME,3
BREAST GEL IMPLANT,3
DOW CORNING,3
260CC,3
"SIZER, MAMMARY, BREAST IMPLANT VOLUME",3
SALINE/SILICONE,3
SILASTIC BREAST IMPLANT,3
WOUND DRAIN,3
DEVICE TYPE UNSPECIFIED,3
BILUMEN GEL/SALINE BREAST IMPLANT,3
"SILICONE MAMMARY PROSTHESIS, LEFT",3
TEXTURED BREAST IMPLANT,3
FILLED MAMMARY PROSTHESIS,3
SILTEX,3
TEXTURED SALINE,3
SURGITEK,3
NIPPLE IMPLANT,3
TEXTURED SALINE IMPLANT,3
ASEPTIC FLUID TRANSFER SYSTEM,3
MEME MAMMARY IMPLANT,3
GEL-SALINE BREAST IMPLANT,3
"EXPANDER, SKIN, INFLATABLE",3
SILICONE LEFT BREAST IMPLANT,3
BREAST IMPLANT (SILICONE),3
CEMENTLESS FEMORAL STEM,3
UNK BREAST IMPLANT,3
MAMMARY SALINE IMPLANT,3
BREAST IMPLANTS (3),3
MEMORY GEL BREAST IMPLANT,3
BREAST IMPLANTS - SILICONE,3
DOUBLE LUMEN SILICONE BREAST IMPLANT,3
245CC,3
BREAST IMPLANTS BILATERAL,3
MENTOR SALINE BREAST IMPLANT,3
RIGHT BREAST PROSTHESIS,3
SALINE FILLED MAMMARY,3
BILUMEN GEL/SALINE,3
MAMMARY PROTHESIS,3
NATURELLE SILICON BREAST IMPLANT,3
STYLE 168 MAMMARY IMPLANTS,3
SKIN STAPLER,3
"BREAST IMPLANTS, SILICONE GEL",3
CAUTERY HANDPIECE,3
BILUMEN SALINE/GEL,3
SILICON GEL BREAST IMPLANT,3
RECEIVER UNIT,3
SIENTRA BREAST IMPLANTS,3
TWO-PART INFLATABLE PENILE IMPLANT,3
SILTEX BREAST IMPLANT,3
175CC,3
GEL FILLED MAMMARY IMPLANT,3
MAMMARY IMPLANT. GEL-FILLED,3
SILICONE GEL-FILLED MAMMARY IMPLANTS,3
MAMMARY IMPLANT RIGHT,3
SALINE TEXTURED BREAST IMPLANT,3
GEL/SALINE IMPLANTS,2
BREAST IMPLANTS/PROSTHESES,2
SILTEX SALINE,2
MCGHAN SALINE BREAST IMPLANTS,2
350CC SMOOTH SALINE IMPLANTS,2
NACL/SILICONE BREAST IMPLANT,2
BREAST IMPLANTS (LEFT AND RIGHT),2
SILICONE IMPLANT (BREAST),2
MENTOR MEMORY GEL-FILLED SILICONE BREAST IMPLANTS,2
SALINES,2
NATRELLE SALINE-FILLED BREAST IMPLANTS,2
SMOOTH ROUND SALINE FILLED MAMMARY PROSTHESIS,2
MAMMARY SIZER,2
20CC MAMMARY IMPLANT,2
BREAST AUGMENTATION IMPLANT,2
RIGHT SILICONE MAMMARY IMPLANT,2
REUSABLE SURGICAL INSTRUMENT FOR SPINE,2
"MAMMARY PROSTHESIS, 300 CC",2
GEL BREASET IMPLANTS,2
VOGUE MAMMARY IMPLANT,2
SILICONE BREAST IMPLANT X 2,2
SURGITEK REPLICON IMPLANT,2
SALINE BREST IMPLANT,2
LARGE,2
SILICONE GEL FILLED IMPLANT,2
SILTEX SPECTRUM,2
"MAMMARY IMPLANT, GE  FILLED",2
SALINE BREASTS IMPLANTS,2
"MAMMARY IMPLANT, SILTEX",2
INAMED BREAST IMPLANTS,2
BREAST IMPLANTS - SMOOTH/SALINE,2
"PROSTHESIS, MAMMARY, INTERNAL, GEL-FILLED",2
SILTEX GEL IMPLANTS,2
SURGERY,2
CAUTERY DEVICE IN CUSTOM SURGICAL PACK,2
SMOOTH SALINE BREAST IMPLANTS,2
TRILUCENT,2
"GEL MAMMARY PROSTH, 350",2
H/S SALINE FILLED MAMMARY PROSTHESIS,2
SILICONE/SALINE IMPLANT,2
TEXUTRED SALINE-FILL MAMMARY IMPLANT,2
NATRELLE 20-400 ML,2
"PROSTHESIS, BREAST, INFLATABLE",2
BILUMEN SILICONE GEL BREAST IMPLANT,2
SALINE BREAST IMPLANTS/TEXTURE,2
BREAST RECON-BIL,2
SALINE TEXTURED,2
SMALL CRONIN GELS,2
280CC GEL,2
PIP SALINE IMPLANTS,2
MENTOR MEMORY GEL SILICONE,2
MENTOR MEMORY GELL SMOOTH ROUND HIGH PROFILE,2
SCL LO-BLEED BREAST IMPLANTS,2
270:130,2
GEL BREAST IMPLANT 225CC,2
HEYER-SCHULTE MAMMARY PROSTHESIS,2
ALLERGAN 410 STYLE MF NATRELLE HIGHLY COHESIVE ANATOMICALLY SHAPED SILICONE-FILL,2
BREAST IMPLNT,2
"STIMULATOR, SPINAL-CORD, TOTALLY IMPLANTED FOR PAIN RELIEF",2
SILTEX SALINE BREAST IMPLANTS,2
"SUTURE, NON-ABSORBABLE",2
MAMMARY PROSTHESIS-SALINE,2
"SALINE BREAST IMPLANT, STYLE #68",2
MOULDED TEARDROP BREAST IMPLANT,2
MENTOR SMOOTH ROUND HIGH PROFILE GEL,2
MAMMARY IMPLANT - GEL TYPE,2
SALINE MAMMARY IMPLANT SIZE 330,2
BREAST IMPLANT DOUBLE LUMEN,2
SILICONE GEL-SALINE FILLED BREAST IMPLANT,2
SILICONE GEL IMPLANT SILTEX 7000 ROUND,2
MENTOR SALINE BREASTS,2
"IMPLANT, MAMMARY",2
"BREAST IMPLANT, GEL",2
MEMORY SHAPE PROSTHESES,2
PROTHESES-MAMMAIRES,2
SALINE MAMMRY,2
"ELECTRODE, PACEMAKER, PERMANENT",2
SILICONE GEL TEXTURED BREAST IMPLANT,2
"PUMP, INFUSION, IMPLANTED, PROGRAMMABLE",2
BREAST SILICONE,2
SILICONE MAMMARY IMPLANT (L),2
BREAST IMPLANTS SMOOTH ROUND MODERATE PLUS PROFILE SALINE,2
SILICONE BILUMEN IMPLANT,2
SMOOTH ROUND MODERATE PLUS PROFILE GEL IMPLANTS,2
DOUBLE LUMEN STYLE 76,2
SALINE SILTEX SMOOTH ROUND MODERATE PROFILE IMPLANT,2
BREAST IMPLANTS NATRELLE,2
ELECTROSURGICAL INSTRUMENT,2
BREAST IMPLANTS X 2,2
GEL FILLED MAMMARY PROSTH.,2
BREAST IMPLANT GEL,2
285 CC,2
MAMMARY DEVICE,2
SILICONE GEL PROSTHESIS,2
PIP,2
IMPLANT BREAST COHESIVE I GEL PROFILE HI,2
MAMMARY IMPLANT GEL FILLED,2
LEFT/RIGHT BREAST IMPLANTS,2
IMPLANT SILICONE,2
SILICONE BREASTS IMPLANTS,2
SMOOTH ROUND HIGH PROFILE IMPLANTS,2
MAMMARY IMPLANTS SALINE/GEL,2
GAUZE SPONGE,2
NATRELLE SALINE FILLED BREAST IMPLANT,2
"BREAST IMPLANTS, SILICONE",2
NATRELLE INSPIRA,2
SILTEX BECKER 50 EXPANDER/MAMMARY PROSTHESIS,2
ROUND DOUBLE LUMEN MAMMARY IMPLANTS,2
DEFIBRILLATION LEAD,2
BREAST SIZER,2
"MAMMARY IMPLANT, SALINE FILL",2
SILTEX SPECTRUM SALINE-FILLED MAMMARY PROSTHESIS,2
BREAST IMPLANT RIGHT,2
SALINE BREAST IMPANT,2
CONTOUR PROFILE GEL,2
ALLERGAN NATRELLE IMPLANTS,2
SALINE MAMMARY IMPLANTS .275CC,2
ALLERGAN SILICONE IMPLANTS,2
RIGHT GEL BREAST IMPLANT,2
TEXTURED SILICONE BREAST IMPLANT,2
BREAST IMPLANT SIZER,2
CAUTERY PENCIL,2
MCGHAN SILICONE BREAST IMPLANT,2
MAMMARY IMPLANT-SALINE,2
MENTOR SILICONE BREAST IMPLANTS MODERN PLUS GEL,2
"NOU, CBK",2
MAMMARY PROSTHESIS MODERATE PROFILE,2
"PROTHESIS, BREAST, NONINFLATABLE, INTERNAL, SILICONE GEL-FILLED",2
PROFILE SALINE IMPLANT BREAST,2
CAUTERY TIP,2
SMOOTH RND MOD GEL MAMMARY PROSTHESIS,2
I.V. SAFETY CATHETER,2
BILATERAL SILICONE BREAST IMPLANT,2
"PROSTHESIS, IMPLANT",2
BREAST IMPLANTS - SALINE,2
MENTOR SMOOTH ROUND MODERATE PLUS PROFILE SILICONE GEL,2
SILASTIC,2
INAMED DEVICE,2
SMOOTH ROUND SALINE MAMMARY IMPLANT,2
SILICONE 400CC GEL MAMMARY IMPLANTS,2
SILICONE BREAST PROTHESIS,2
SILTEX IMPLANT,2
"BREAST IMPLANT, SILICONE GEL",2
BRAST IMPLANT,2
PROFILE SALINE MAMMORY IMPLANTS,2
BILUMEN GELS,2
INJECTION PORT DETECTOR,2
TEXTURED SALINE IMPLANTS,2
"LENS, INTRAOCULAR, ACCOMMODATIVE",2
GEL-FILLED BREAST IMPLANT 275CC,2
"MAMMARY IMPLANT, SALINE-FILLED",2
SILICONE GEL-FILLED IMPLANT,2
175 CC,2
BREAST IMPLANTS - 275 CC SILICONE GEL,2
SILICONE BRESAT IMPLANT,2
SILICONE BREAST IMPLANT RIGHT,2
SILICONE BREAST IMPLANT 375CC EACH SIDE,2
BECKER EXPANDER-SALINE,2
SILICONE GEL-FILLED BREAST PROSTHESES,2
SILICONE GEL LO BLEED MAMMARY IMPL,2
SILCONE BREAST IMPLANT,2
R BREAST IMPLANT,2
LUMEN MAMMARY PROSTHESIS,2
SILICONE BREAST IMPLANT-GEL,2
SALINE TEXTURED BREAST IMPLANTS,2
BREAST IMPLANTS-GEL,2
SILICONE FILLED-MAMMARY,2
TEXTURED SALINE FILL MAMMARY IMPLANT,2
STYLE 168,2
SILICONE AND SALINE BREAST IMPLANTS,2
"MAMMARY IMPANT, GEL-FILLED",2
153S,2
SALINE - FILLED BREAST IMPLANT,2
SALINE-TEXTURED MAMMARY IMPLANTS,2
DOW CORNING BREAST IMPLANTS,2
PIP / POLY IMPLANT PROTHESE,2
ALLERGAN SILICONE BREAST IMPLANT,2
HIGH PRO SMOOTH ROUND SALINE MAMMARY PROSTHESIS,2
SILICONE PROSTHESIS,2
DOUBLE-LUMEN BREAST IMPLANT,2
ABSORABLE,2
STYLE 120 MAMMARY IMPLANTS,2
DIAPHRAGM VALVE,2
STYLE 68 MP SALINE FILLED BREAST IMPLANT,2
TEXTURED SALINE MAMMARY IMPLANTS,2
BREAST EXPANDERS,2
"RIGHT SALINE FILLED, SILICONE IMPLANT",2
KNEE PROSTHESIS,2
NATRELLE SILICONE IMPLANTS STYLE 10,2
HEYER-SCHULTE BREAST IMPLANT,2
SURGITEK SILICONE GEL IMPLANTS,2
SMOOTH ROUND MODERATE PLUS PROFILE GEL (BREAST IMPLANTS),2
SMOOTH WALL SILICONE BREAST IMPLANTS,2
SURGICAL INSTRUMENT FOR HIP,2
MEMORY GEL SILICONE BREAST IMPLANT,2
SALINE BREAST IMPLANT (L),2
IMPLANTS STYLE 168,2
RIGHT MAMMARY IMPLANT,2
BIL SALINE MAMMARY IMPLANTS,2
LEFT VENTRICULAR ASSIST DEVICE,2
SILICON GEL MAMMARY IMPLANT,2
TESTURED SALINE-FILL MAMMARY IMPLANT,2
ANATOMICAL SALINE MAMMARY IMPLANTS,2
350CC,2
SURGICAL INSTRUMENT FOR KNEE,2
NATRELLE GEL IMPLANTS,2
DOUBLE LUMEN SILICONE GEL IMPLANTS,2
SMOOTH ROUND MPP GEL BREAST IMPLANT,2
UNK (NO RECORDS),2
BREAST IMPLANT L STYLE 153,2
ALLERGAN SILICONE GEL BREAST IMPLANTS,2
MAMMARY GEL IMPLANTS,2
MCGHAN BREAST IMPLANT,2
MENTOR BREAST IMPLANTS,2
INFLATABLE SALINE SMOOTH ROUND LOW PROFILE 600CC SALINE FILL,2
1996ARY PROSTHESIS,2
CABLE-READY PLATE & CABLE SYSTEM,2
SURGITEK BREAST IMPLANTS DOW GEL,2
STYLE 110 MAMMARY IMPLANT,2
MENTOR COHESIVE GEL IMPLANTS,2
STYLE 76 MAMMARY IMPLANT,2
SILICONE BREAST IMPLANT - MENTOR,2
BREAST IMPLANTS/SMOOTH ROUND SALINE,2
SALINE IMPLANTS WITH SILICONE SHELL,2
STYLE 68 MAMMARY IMPLANT,2
M12 - PLASTIC SURGERY,2
SILTEX LOW BLEED GEL-FILLED MAMMARY PROSTHESIS,2
UNK IMPLANTS,2
BOTOX,2
SIENTRA SILICONE GEL IMPLANTS,2
LEFT MAMMARY IMPLANT,2
SALINE GEL-FILLED BREAST IMPLANT,2
BILATERAL BREAST GEL IMPLANTS,2
BILUMEN GEL,2
ALLERGAN NATRELLE,2
ELECTROSURGICAL PENCIL/BOVIE,2
SILICONE BREAST IMPLANT 330 CC,2
PIP SALINE BREAST IMPLANT,2
SIENTRA STYLE 107 BREAST IMPLANT,2
NATRELLE SILICONE-FILLED GEL IMPLANT,2
GEL-SALINE MAMMARY PROSTHESIS,2
"SILICONE MAMMARY PROSTHESIS, RIGHT",2
MAMMARY IMPLANT LEFT AND RIGHT,2
NATRELLE SILICONE-FILLED IMPLANTS,2
ENDOSSEOUS,2
"IMPLANT, BREAST, SALINE",2
SALINE FILLED MAMMARY PROSTHESES,2
IPP,2
SILICONE BREAST IMPLANT (TWO),2
SMOOTH ROUND MODERATE PROFILE SALINE BREAST IMPLANTS,2
"STIMULATOR, ELECTRICAL, IMPLANTED, FOR PARKINSONIAN TREMOR",2
ESSURE,2
"SILICON GEL BREAST IMPLANT SMOOTH, ROUND, MODERATE",2
CUSTOM SOLID IMPLANT,2
TEXTURED SALINE FILLED BREAST IMPLANTS,2
PACEMAKER,2
EXPANDER/MAMMRY PROSTH,2
"BREAST, IMPLANT, SILICONE",2
SALINE-FILLED BREAST PROSTHESIS,2
BILATERAL SILICONE IMPLANT,2
TEXTURED - SALINE BREAST IMPLANT,2
MCGHAN SILICONE GEL-FILLED BREAST IMPLANTS,2
SILICONE SALINE BREAST IMPLANTS,2
LO-BLEED GEL MAMMARY IMPLANTS,2
"ELECTROSURGICAL, CUTTING & COAGULATION & ACCESSORIES",2
BREAST IMPLANT L STYLE 410FF,2
EXPANDERS,2
NATRELLE SALINE BREAST IMPLANT,2
NATRELLE 300CC SILICONE FILLED BREAST IMPLANT,2
GEL SALINE MAMMARY IMPLANT,2
ELECTROSURGICAL ELECTRODE,2
TOPICAL SKIN ADHESIVE,2
STYLE 133MV BREAST IMPLANT EXPANDERS,2
SALINE/GEL MAMMARY IMPLANTS,2
SILICONE DOUBLE LUMEN,2
GEL-FILLED IMPLANT,2
BREAST IMPLANT (L),2
400CC,2
SILTEX BECKER 50 EXPANDER PROSTHESIS,2
SILICONE IMPLANTS 300 CC'S,2
MENTOR SILICONE BREAST IMPLANT,2
"BREAST IMPLANT, HIGHLY-TEXTURED FORM-STABLE",2
SILICONE BREAST IMPLANTS 350 CC,2
SMOOTH GEL-FILLED SILICONE HIGH PROFILE MAMMARY PROSTHESIS,2
BREAST IMPLANTS SILICON,2
BREAST IMPLANT 165CC,2
MENTOR GEL IMPLANT,2
MCGHAN/ALLERGAN SALINE BREAST IMPLANT,2
ABSORBABLE SUTURE PRODUCT,2
MENTOR MEMORYGEL SILICONE GEL-FILLED BREAST IMPLANTS,2
SALINE HIGH PROFILE IMPLANTS,2
SALINE/GEL IMPLANTS - BREAST,2
305CC,2
SILICONE TEXTURED BREAST IMPLANT,2
255CC 250,2
BREAST IMPLANT.,2
"SILICONE IMPLANT, BREAST",2
SILICONE GEL BREAST PROSTHESIS,2
240 CC,2
MAMMARY IMPLANT DEVICES,2
SILCONE BREAST IMPLANTS,2
INAMED MCGHAN 68,2
POLYETHYLENE COATED SILICONE BREAST IMPLANT,2
POLYURETHANE IMPLANT,2
IMPLANTABLE TACHY LEAD,2
GEL FILLED BREAST PROSTHESIS,2
"PROSTHESIS, BREAST, NONINFLATABLE, INTERNAL, SILICONE, GEL-FILLED",2
560 MCGHAN STYLE 40 IMPLANTS,1
BREAST IMPLANT (LEFT),1
TEXTURED SALEEN IMPLANT,1
CONTOUR PROFILE TISSUE EXPANDER SIZE 13.7X11.5X7.0CM,1
240CC GEL,1
MAMARY PROSTHESIS,1
SILICONE GUMMY BEAR IMPLANT,1
"SALINE IMPLANT, 325",1
SILICONE IMPLANT W/POLYURETHANE FOAM,1
SURGITEK 2055CC,1
"PROSTHESIS, BREAST, SILICONE, LEFT",1
UNK NO RECORDS,1
BILUMEN SALINE-SILICONE IMPLANTS,1
HEYER-SCHULTE LOW PROFILE SILICONE GEL IMPLANT-185CC,1
DOUBLE LUMEN BREAST PROSTHESIS,1
SILTEX CONTOUR PROFILE + INTEGRAL INJ,1
MODERATE PROFILE PREFILLED SALINE TEXTURED,1
SILTEX ROUND SALINE FILLED BREAST IMPLANTS,1
175CC SILICONE BREAST IMPLANTS,1
BREAST GEL-FILLED PROSTHESIS,1
MEDICAL SILICONE BREAST IMPLANTS,1
"CEMENTLESS FEMORAL STEM, MEH, LZO",1
"PUMP, INFUSION, ELASTOMERIC",1
SALINE SMOOTH SURFACE IMPLANT,1
PHYSICAL MEDICINE PRODUCTS,1
SALINE FILLED MAMMORY PROSTHESIS,1
"SILICONE BREAST PROSTHESIS, 240 CC",1
PATELLA,1
"SILICONE BREAST IMPLANT, 390 GRAM",1
"SIZE, NO RECORDS",1
BREAST IMPLANTS DOUBLE LUMEN TEXTURED GEL,1
GEL-FILLED MAMMARY PRSTHESIS,1
TEXTURED SURFACE BREAST IMPLANTS,1
BREAST IMPLANTS WITH SILICONE,1
"MENTOR SMOOTH SALINE BREAST MAMMARY, 300CC",1
500CC SALINE BREAST IMPLANT,1
ELECTROSURGICAL NEEDLE ELECTRODE,1
165CC SALINE,1
320 CC LOW PROFILE BREAST IMPLANT,1
DUAL LUMEN IMPLANT,1
GEL ROUND SMOOTH SILICONE BREAST IMPLANT,1
BREAST IMPLANTS - SILICON/POLYMER W/SALINE FILL,1
SILICONE GEL BREAST IMPLANTS 13CC 210CC,1
MAMMARY IMPLANT-SILICONE FILLED,1
SALINE FILLED BREAST PROSTHESIS STYLE 2600 SILTEX,1
BREAST IMPLANTS 425CC,1
320:40 SILICON GEL (BILUMEN),1
SMOOTH ROUNG MODIFIED GEL IMPLANT,1
BREAST IMLANTS,1
BREAST IMPLANT 475CC SALINE ADJUSTABLE,1
"MESH, SURGICAL, POLYMERIC",1
EMBOLIC PROTECTION DEVICE,1
NATRELLE SILICONE BREAST IMPLANTS,1
"MAMMARY IMPLANTS DOUBLE LUMEN, 320/360 CC",1
"SILICONE BREAST IMPLANTS, SIZE B-C",1
BOVIE,1
"BILUMEN, GEL BREAT IMPLANT",1
SALINE-FILLED PROSTHESIS,1
300 CC,1
SI-BREAST IMPLANT,1
TEXTURED SALINE MAMMARY PROSTHESIS,1
"PUMP, INFUSION",1
265 CC,1
SILICONE BREAST IMPLANTS 270 ML,1
"SALINE TEXTURED STYLE 163, 530CC BREAST IMPLANT (LEFT)",1
INAMED SALINE BREAST IMPLANT,1
BIOCELL RTV SALINE-FILLED BREAST IMPLANTS,1
GREAT TOE IMPLANT,1
SALINE (TEXTURED DIAPHRAGM VALVE),1
SALINE-FILLED/TEXTURED MAMMARY IMPLANT,1
BREAST IMPLANT - GEL FILLED,1
MENTOR 354-2514 SALINE BREAST IMPLANT,1
BREAST IMPLANTS (RIGHT),1
SILTEX SALINE MAMMARY IMPLANT,1
MODERATE PROFILE TEXTURED SALINE BREAST IMPLANTS,1
ASEPTIC TRANSFER SYSTEM,1
BREAST IMPLANTS (BILATERAL),1
LEFT BREAST IMPLANT SILICONE,1
DOUBLE LUMEN,1
MENTOR SILICONE IMPLANTS 350CC ROUND MODERATE PLUS,1
ANATOMICAL TISSUE EXPANDER,1
FEMORAL CEMENTED COMPONENT,1
SILICONE GEL IMPLANT - LEFT,1
NATRELLA,1
SALINE FILLED MAMMARY PROSTH,1
SALINE FILLED MEMMORY IMPLANT,1
GEL 225CC,1
PENILE PROSTHESIS,1
MENTOR IMPLANTS,1
"COMBINATION SALINE, SILICON BREAST PROSTHESIS",1
"TESTICULAR IMPLANT, GEL-FILLED",1
UNK-DOUBLE LUMEN WITH SALINE IN OUTER LUMEN,1
180CC,1
SILICONE BREAST IMPLANT RIGHT BREAST,1
MENTOR BREAST IMPLANT (LEFT),1
BIOCELL SALINE BREAST IMPLANT,1
NACL SILICONE IMPLANTS,1
"MAMMARY IMPLANT, 600 CC",1
SALINE BREAST IMPALNT,1
BIPOLAR CUTTING LOOP,1
OPTIMAN BREAST IMPLANTS,1
MAMMARY IMPL.,1
200 CC BREAST IMPLANT X 2,1
SALINE BREAST IMPLANTS 200CC,1
"SILICONE GEL ""GUMMY BEAR"" IMPLANTS",1
BREAST IMPLANT (FWM),1
BREAST IMPLANT SALINE FILLED,1
HEYER SCHULTE,1
SMOOTH SHELL GEL FILLED IMPLANTS,1
IMPLANT-MAMMARY PROSTHESIS,1
68MP 390CC,1
RIGHT TISSUE EXPANDER,1
GELFILLED MAMMARY PROSTHESIS,1
SALINE MAMM PROSTHESIS,1
400CC SALINE IMPLANT,1
550CC BREAST IMPLANTS,1
POLYURETHANNE BREAST IMPLANTS,1
ANATOMICALLY-SHAPED 163 TEXTURED MED.SIZE BREAST IMPLANT,1
SMOOTH ROUND HIGH GEL MAMMARY PROSTHESIS,1
MAMMARY IMPLANT (TYPE UNK),1
SALINE FILLED MAMMERY PROSTHESIS,1
SALINE FILLED MAMMARY PROTHESIS,1
TEAR DROP SILICONE IMPLANTS,1
SALINA BREAST IMPLANT,1
ABSORBABLE SURGICAL SUTURE,1
PROSTHETIC,1
SALINE FILLED MAMMARY PROSTH.,1
GEL-FILLED MAMAMRY PROSTHESIS,1
RIGHT AND LEFT BREAST IMPLANTS 400CC,1
SILICONE BREAST IMPLANTS - BIL,1
MAMMARY IMPLANT STYLE 64,1
"IMPLANT, DERMAL, FOR AESTHETIC USE",1
PROSTHESIS BREAST IMPLANT WITH A SILICONE GEL,1
"MAMMARY PROSTHESIS, GEL-FILLED WITH 4 DACRON PATCHES",1
SILICONE BREAST IMPLANT 350 CC,1
35 + 25 CC,1
IMPLANTABLE LOOP RECORDER,1
SMOOTH ROUND MODERATE PROFILE GEL SILICONE BREAST IMPLANTS,1
GAL MAMMARY IMPLANT,1
NACI/SILICONE IMPLANT,1
BREAST IMPLANT NONFIXATION PATCH TYPE,1
SALINE FILLED MAMMARY BREAST IMPLANTS,1
SILICONE GEL FILLED BREAST PROSTHESES,1
ALLERGAN SILICONE TEXTURED BREAST IMPLANT,1
"DEFIBRILLATOR, AUTOMATIC IMPLANTABLE CARDIOVERTER, WITH CARDIAC RESYNCHRONIZATIO",1
SILICONE GEL FILLED IMPLANT RIGHT,1
SILICONE GEL CROWN SILASTIC BREAST IMPLANT,1
STYLE 110,1
SILICONE MAMMARY IMPLANTS-SIZE 7-280GM,1
SILICONE BREAST IMPLANT 330 ML,1
GEL IMPLANT (BREAST),1
GEL-SALINE LOW PROFILE ROUND,1
BREAST (SILICONE) IMPLANT,1
SALINE INFLATABLE MAMMARY PROSTHESIS,1
ELASTOMER BREAST IMPLANTS,1
BREAST IMPLANT  ROUND SILICONE FILLED,1
REUSABLE HANDSWITCHING PENCIL,1
DOUBLE LUMEN SILICONE GEL BREAST IMPLANTS,1
NATRELLE SILICONE BREAST IMPLANT,1
GEL-FILLED BREAST PROSTHESIS,1
SALINE MAMMARY IMPLANT (L),1
GEL IMPLANTABLE OVOID BREAST IMPLANT,1
LOW BLEED SILICONE BREAST IMPLANT,1
SALINE IMPLANT (L),1
200CC SALINE IMPLANT,1
GEL BREAST IMPLANT 366CC,1
80CC,1
MAMMARY PROSTHESIS LEFT/RIGHT BREAST,1
SALINE FILLED 380CC MAMMARY IMPLANT,1
SALINE BREAST,1
SILTEX SPECTRUM CONTOUR PROFILE 2500,1
SILTEX SPECTRUM MAMARY PROSTHESIS,1
SALINE-FILLED BREAST IMPLANT - LEFT SIDE,1
SILTEX SALINE FILLED MAMMARY PROSTHESES,1
"IMPLANT,PROSTHESIS, BREAST",1
BILATERAL SALINE BREAST IMPLANTS,1
RIGHT-000593,1
CUSTOM DESIGNED POLYURETHANE FOAM COVERED MAMMARY IMPLANT,1
"MAMMARY MPLANT, GEL-FILLED",1
SILICONE IMPLANT RIGHT BREAST,1
SALT WATER FILLED BREAST IMPLANT CUSTOM MADE,1
250 CC GEL,1
CEMENTLESS ACETABULAR SHELL,1
BREAST IMPLANT SMOOTH ROUND M.P.S.,1
MAMMOGRAPHY IMAGING,1
GEL-LOOSE-SMED,1
SALINE BREAST IMPLANTS-SILICONE ENVELOPE,1
VEST,1
SALINE IMPLANT 625CC,1
255 CC,1
GEL/SALINE SILASTIC II,1
FTRFTR,1
IMPLANT/BREAST,1
SALINE-FILLED MAMMARY PROTHESIS,1
NEEDLE HOLDER,1
SILICONE/POLYURETHANE BREAST IMPLANTS,1
SILICONE BR. IMPLANTS,1
LEFT BREAST PROSTHESIS,1
DISPOSABLE ELECTROSURGICAL PENCIL,1
MENTOR SALINE BREAST MAMMARY,1
GEL-FILLE DBREAST IMPLANTS,1
MAMMARY POROTHESIS,1
"BILATERAL BREAST SALINE IMPLANTS, 360 ML",1
GEL IMPLANT 365CC,1
BREAST INPLANT,1
FELLED MAMMPRAST,1
SINGLE LUMEN SALINE IMPLANT,1
MENTOR SMOOTH ROUND PLUS PROFILE SALINE IMPLANTS,1
ONQ PAIN PUMP,1
BREAST IMPLANT PROSTHESIS  360CC,1
SALINE-SILICONE MAMMARY IMPLANTS-BILUMEN,1
BREAST IMPLANT 350 CC +/-,1
STYLE 1600 SALINE INFLATABLE,1
RT. & LFT. BREAST SILICONE IMPLANTS,1
MENTOR BREAST IMPLANTS 225CC,1
SILICONE IMPLANTS -270CC,1
"PROSTHESIS, BREAST, NONINFLATABLE, INTERNAL, SILICON GEL-FILLED",1
"MESH, SURGICAL",1
STYLE 57,1
TEXTURED SILICONE BREAST IMPLANT 400CC,1
"GEL-FILLED MAMMARY PROSTHESIS, ROUND 225CC",1
FIBREL IMPLANT,1
AUGMENTATION BREAST IMPLANTS,1
ELECTROSURGICAL PENCIL - REUSABLE,1
GEL-FILLED (200 CC),1
MAMMARY IMPLANT-TEXTURED SALINE,1
"ULTRA CLEAN 6"", BLADE ELECTRODE",1
"GEL MAMMARY PROSTHESIS, 225 AND 275 CC",1
LEFT MAMMARY SILICONE IMPLANT,1
BRAAST IMPLANT,1
EXPANDER R STYLE 150,1
SILASTIC GEL-FILLED TESTICULAR PROSTHESIS #2,1
GUMMYBEAR SILICONE IMPLANTS,1
EXPANDER MAMMARY PROSTH,1
"ELECTRODE, ELECTROSURGICAL",1
MAMMARY PROSTHESIS-PROB SILICONE,1
RADIOLOGIC,1
SALINE MAMMARY IMPLANT (R),1
"LOW PRIFILE, HIGH PERFORMANCE GEL FILLED IMPLANT",1
SILICONE GEL FILLED MAMMARY IMPLANTS,1
DEVICE - SILICONE GEL FILLED BREAST IMPLANT,1
BILATERAL SUBGLANDULAR INFRAMAMMARY MCGHAN GEL IMPLANTS,1
"BREAST IMPLANT, STYLE 468",1
"GAW/ SUTURE, NONABSORBABLE, SYNTHETIC, POLYPROPYLENE",1
"IMPLANT, MAMMARY, SALINE",1
SILICONE GEL BREAST IMLANT,1
GEL SALINE IMPLANT;,1
SALINE-FILLED MAMMARY,1
200 ML SMOOTH WALL SALINE BREAST IMPLANT,1
SMOOTH SILICONE GEL BREAST IMPLANTS,1
BLOOD GLUCOSE MONITORING DEVICE - NA,1
MAMMARY PROSHTESIS,1
RIGHT AND LEFT GEL BREAST IMPLANTS,1
REPLACEMENT HEART VALVE,1
SILICONE DOUBLE LUMEN BREAST IMPLANTS,1
TOE IMPLANT,1
SMOOTH BREAST IMPLANT,1
SALINE FILLED MAMMARY PRODUCT,1
BREAST IMPLANTS 475CC,1
CUSTOM SOLID BODY IMPLANT,1
MAMMARY IMPLANT & CAPSULES,1
GEL BREAST  IMPLANTS,1
MENTOR VALVE ONLY,1
GEL BILUMENS,1
SILICONE GEL FILLE MAMMARY IMPLANT,1
210CC,1
SILCIONE BREAST IMPLANTS,1
SILICONE/SALINE DOUBLE LUMEN BREAST IMPLANTS,1
SILICONE BREAST IMPLANT - 450CC,1
SILICONE GEL BREAST,1
LEFT 310CC,1
SMOOTH WALL SILICONE GEL-FILLED BREAST IMPLANTS,1
"PROSTHESIS, MAMMARY, INTERNAL (L) AND (R)",1
BECKER PROSTHESIS AND SALINE IMPLANT,1
TEXTURED SALINE IMPLANT 354 SERIES,1
MENTOR GEL MAMMARY PROSTHESIS,1
SILICONE MOMMARY IMPLANTS,1
"GEL-FILLED MAMMARY IMPLANT, 235 CC",1
240/270 CC HEYER-SCHULTE GEL IMPLANT,1
SILICON GEL IMPLANTS,1
BREAST IMPLANT ROUND 175 NS + 20MG,1
SILTEX SPECTRUM MAMMARY IMPLANT,1
TEXTURED TISSUE EXPANDER,1
BIPOLAR HEAD,1
BIOPSY INSTRUMENT,1
R GEL 225 CC IMPLANT,1
"GAW / SUTURE, NONABSORBABLE, SYNTHETIC, POLYPROPYLENE",1
"SCREWS, SPACER",1
GEL-MAMMARY IMPLANTS,1
"MAMMARY IMPLANT, 255 CC",1
"SALINE IMPLANT, DOUBLE LUMEN",1
RECONSTRUCTIVE GEL BREAST IMPLANT,1
SILICONE GEL MAMMARY PROSTHESES,1
NACL/SILICON IMPLANTS,1
CERVICAL INTERBODY FUSION DEVICE,1
SMOOTH ROUND MOD PROFILE SALINE IMPLANT,1
TEXTURED SALINE-MILL MAMMARY IMPLANT,1
SALINE FILLED IMPLANTS,1
RIGHT PIP TEXTURED SALINE IMPLANTED 1991,1
"LOW PROFILE, DOUBLE LUMEN",1
RESECTOSCOPE,1
SILICONE PLASTIC BREAST IMPLANT,1
BILATERAL SILICONE IMPLANTS,1
TISSUE EXPANDER / BREAST EXPANDER,1
SILICONE LOW BLEED BREAST IMPLANTS,1
168 MAMMARY IMPLANT G,1
(R) & (L) BREAST IMPLANTS,1
LOW PROFILE BREAST IMPLANTS,1
RIGHT GEL MAMMARY IMPLANT,1
500CC TEXTURED BREAST IMPLANT,1
SILASTIC GEL - 300CC,1
SILICON MAMMARY PROSTHESIS (RIGHT),1
HUTCHISON BREASTG IMPLANT,1
BILATERAL SILICONE BREAST PROSTHESIS,1
BREAST SALINE IMPLANTS RIGHT,1
ABSORBABLE BARBED SUTURE,1
GEL FILL MAMMARY IMPLANT,1
RIGHT & LEFT BREAST IMPLANTS,1
SALINE IMPLANT - BREAST,1
SILICONE GEL IMPLANTS - MAMMARY,1
SALINE BREAST IMPALNTS,1
200:25 BILUMEN,1
LIGHT SOURCE,1
STYLE 468,1
SILICONE BREAST IMPLANT BILUMENS,1
BREAST PROSTHESIS-285CC,1
TEXTURED ROUND SALINE BREAST IMPLANT 475 CC,1
GEL IMPALANTS SILICONE,1
225CC SALINE BREAST IMPLANT,1
SILICONE MAMMARY IMPLANTS-BIL,1
SILASTIC MAMMARY PROSHTESIS,1
"SALINE BREAST IMPLANTS, WITH VALVE, SO SIZE CAN BE",1
SI BREAST IMPLANT,1
HYDROGEL BREAST IMPLANTS,1
GEL BREAST IMPLANT 200CC,1
EXTERNAL BREAST PROSTHESIS,1
MAMMARY BREAST IMPLANT,1
PROSTETIC,1
BIL-LUMEN,1
SALINE BREAST IMPLANT - RIGHT,1
SILICONE IMPLANTS - BREAST,1
ELASTOMERIC INFUSION PUMP,1
NEUROSTIMULATION SYSTEM,1
SMOOTH ROUND MODERATE PLUS PROFILE BREAST IMPLANT,1
SALIE BREAST IMPLANTS,1
"BILATERAL BREAST IMPLANTS, SALINE",1
"SILICONE FILLED BREAST IMPLANTS, 280 CC",1
"PROSTHESES, MAMMARY",1
SALINE FILLED TEXTURED BREAST IMPLANTS,1
BREAST SALINE IMPLANT,1
MENTOR SILTEX MAMMARY PROSTHESIS,1
POLYURETHANE COVERED SILICONE BREAST IMPLANT,1
SALINE 400 CC BREAST IMPLANT,1
"COHESIVE GEL BREAST IMPLANTS, 450CC",1
SILICONE IMPLANT LEFT BREAST,1
340 CC,1
SURGITEK 220CC (L) SILICON GEL,1
OPHTHALMIC SCISSORS,1
DISPOSABLE NEEDLE ELECTRODE,1
GEL FILLED,1
EXPANDER.MAMMRY PROSTH,1
BILATERAL SILICONE AND GLASS IMPLANTS,1
BREAST IMPLANT PORT,1
BREAST IMPLANT -- RIGHT SIDE,1
GENERATOR,1
"SALINE BREAST IMPLANTS, LEFT",1
RECONSTRUCTIVE PROSTHESIS,1
SILICON GEL BREAST,1
SMOOTH SALINE IMPLANT,1
"MAMMOGRAM, SILICONE BREAST IMPLANT",1
"MAMMARY IMPLANT, SILICONE GEL",1
BREAST PROSTHESIS (X2),1
DOUBLE LUMEN SILICONE GEL BREAST IMPLANT,1
MAMMARY IMPLANTS-POLYURETHANE,1
ROUND MAMMARY IMPLANTS WITH PATCHES,1
275 TEXTURED SALINE BREAST IMPLANT,1
SILICONE SALINE,1
MENTOR GEL BREAST IMPLANTS,1
REACTION VESSELS FOR CHEMILUMINESCENT MICROPARTICLE IMMUNOASSAYS,1
BILATERAL BREAST IMPLANTS.,1
LEFT SILTEX SPECTRUM MAMMARY PROSTHESIS,1
PADGETT HOOKS AND RETRACTORS,1
SILICONE  BREAST IMPLANT,1
CANCELLOUS BONE SCREW MPACT,1
PIP SILICONE BREAST IMPLANT,1
SILTEX GEL-FILLED MAMMARY PROSTHESIS,1
BREAST IMPLANT ROUND 250 NS + 20MG,1
SIL GEL BREAST IMPLANTS,1
FLEXIBLE HINGE TOE IMPLANT,1
R SILICONE IMPLANT,1
"PROSTHESES, MAMMARY, INTERNAL (R) AND (L)",1
SILICONE BREAST IMPLANTS BY MENTOR,1
MAMMARY PROSTHESIS/EXPANDER,1
SALINE-SILICONE BREAST IMPLANT,1
BARBED SUTURE WITH NEEDLE,1
250 STYLE BREAST IMPLANT,1
BREAST GEL IMPLANTS,1
SILICONE BREAT IMPLANT (L),1
RIGHT AND LEFT SILICONE GEL BREAST IMPLANTS,1
UNKNOWN-NO RECORDS,1
BREAST IMPLANTS-SALINE,1
SILICONE TEXTURED IMPLANTS,1
POLY IMPLANTS,1
SILICONE-GEL FILLED BREAST IMPLANT,1
ROUND HP 300,1
MEMORY GEL SILICONE GEL-FILLED BREAST IMPLANTS,1
UNK (SUBGLANDULAR),1
RIGHT SILICONE GEL BREAST IMPLANT,1
COLLAGEN TEST IMPLANT,1
MAMMARY IMPLANTS - SILICONE GEL,1
SILICONE BREAST IMPLANTS-BILATERAL,1
210 BIOCELL SALINE,1
STACKED POLYURETHANE BREAST IMPLANT,1
STYLE SILICONE FILLED BREAST IMPLANT,1
"ES ACCESSORY, REUSABLE, NON-STERILE",1
BILUMEN SILICONE BREAST IMPLANTS,1
SILASTIC MAMMARY IMPLANTS 235CC THICK,1
325CC SALINE-FILLED MAMMARY PROSTHESIS,1
NORMAL SALINE BREAST IMPLANTS,1
BILATERA,1
"SMOOTH, ROUND, MODIFIED PLUS GEL BREAST IMPLANT LEFT",1
FILE GEL BREAST IMPLANT,1
GEL-FILLED BREAST IMPLANTS,1
MENTOR BREAST IMPLANTS 250CC,1
MAMMARY GEL-FILLED PROSTHESIS,1
"MAMMARY IMPLANT, GEL-FILLED.",1
MC GHAN STYLE 468-230CC,1
235 CC SILICONE BREAST IMPLANT,1
REVERSE DOUBLE LUMEN BREAST IMPLANTS,1
TEXTURED BIOCELL MAMMARY IMPLANT,1
EXTENSION ELECTRODE,1
SILICONE GEL IMPLANTS-BREAST,1
RIGHT 280CC,1
L+R SALINE BREAST IMPLANTS,1
"SILICONE BREAST IMPLANT, 275CC",1
SALINE SMOOTH BREAST IMPLANTS,1
SUBPECTORAL 300CC MENTER GEL 300CC,1
E.S. ACTIVE ELECTRODE,1
SILICONE BREAST IMPLANT (BILATERAL),1
GELL FILLED IMPLANT,1
"BREAST IMPLANT SALINE OUTER, SILICONE INNER",1
GEL FILLED ROUND MAMMARY PROSTHESIS,1
MAMMARY SILICONE PROSTHESIS,1
TRANSPEX,1
RIGHT AND LEFT SILICONE BREAST PROSTHESES,1
MAMMARY GEL IMPLANT,1
SUBGL GEL BREAST IMPLANTS,1
SURGITEC GEL IMPLANTS,1
SILICONE RIGHT BREAST IMPLANT,1
BREAST IMPLANT 330,1
SURGICAL LAMP,1
SALINE GEL BREAST IMPLANT,1
"PROSTHESIS, BREAST IMPLANT, SILICONE",1
MAMMOGRAPHIC X-RAY,1
BREAST IMPLANT 200CC,1
BILATERAL BREAST PROSTHESES,1
MENTOR TEXTURED CPG GEL IMPLANTS,1
BREAST IMPLANT-360CC,1
COHESIVE GUMMY BEAR IMPLANT,1
COX-UPHOF IMPLANTS-DOUBLE LUMEN,1
BREAST IIMPLANTS,1
SALIEN BREAST IMPLANT,1
BOVIE CORD,1
SYRINGE,1
ELECTRODE EXTENDER,1
"MAMMARY PROSTHESIS, 350CC",1
TISSUE EXPANDER II,1
LIGHTED RETRACTOR CAT# 88-1087,1
SALINE-FILL MAMMARY PROSTHESIS,1
MAMMARY IMPLANT/GEL FILLED,1
SILICONE-GEL MAMMARY IMPLANTS,1
SINGLE-LUMEN ADJUSTABLE IMPLANTS,1
SALINE BREAST IMPLANTS-350CC,1
SILTEX BECKER BREAST IMPLANT,1
MAMMARY PROSTHESIS (LT),1
SALINE FILLED BREAST IMPL,1
SALINE BREAST IMPLANT (RIGHT),1
SALINE PRE-FILLED BREAST IMPLANT,1
GEL-FILL BREAST IPLANT,1
305 CC IMPLANT,1
"SALINE IMPLANT, 350",1
SUBMUSCULAR SILICONE AND SALINE IMPLANTS,1
SILICONE BREAST IMPLANTS X 2,1
SALINE-GEL  MAMMARY IMPLANTS,1
"SILICONE BREAST IMPLANT, REPLICON",1
SILICONE BREAST IMPLANT 200CC RIGHT,1
BREASR IMPLANT RIGHT,1
MANUFACTURER-UNKNOWN,1
BREAST IMPLANTS (LEFT),1
GEL SMOOTH BREAST IMPLANT,1
"MAMMAY IMPLANT, GEL-FILLED",1
ELECTROSURGICAL CUTTING/COAGULATION DEVICE,1
THICK SHELL MAMMARY IMPLANT,1
GEL FILLED IMPLANT,1
GEL-SALINE BREAST IMPLANTS,1
BREAST IMPLANT DOUBLE SAC,1
L 270CC; R 235-CC,1
SILICONE BREAST IMPLANTS 440CC AND 390CC,1
SALINE - FILLED BREAST IMPLANTS,1
"PROSTHESIS, BREAST, NONINFLATABLE, INTERMAL, SILICONE GEL-FILLED",1
DOUBLE LUMEN SILICONE IMPLANT,1
POLYURETHANE COVERED SILICON BREAST,1
"SILICONE FILLED, SILICONE BREAST IMPLANT",1
STYLE 168 MAMMARY IMPLANT NACL,1
"MAMMARY IMPLANT, GEL-IMPLLANT",1
"SILICONE BREAST IMPLANT, 304 CC",1
SPINAL CORD STIMULATOR,1
MAM IMP-FILLED,1
SALINE-FILLED MAMMARY IMPLANTS,1
SURGITEK MAMMARY IMPLANT,1
SILASTIC II 380CC LOW PROFILE,1
SILICONE BREAST,1
MAMMARY GEL-FILLED,1
PIP IMPLANT,1
GEL BREASTE IMPLANTS,1
"PROSTHESES, MAMMARY, INTERNAL GEL FILLED",1
"LENS, INTRAOCULAR, TORIC OPTICS",1
360CC STYLE 163,1
SILICONE BREAST IMPLANTS - 240CC,1
GEL BREAST IMPLANTS (SALINE),1
"BREAST IMPLANT, 325 CC (+) (-) 25",1
INJECTION DOMES WITH CONNECTION SYSTEMS,1
"SMOOTH, ROUND, MODIFIED PLUS GEL BREAST IMPLANT RIGHT",1
SILICONE-FILLED BREAST PROSTHESIS,1
BECKERS,1
URETHANE BREAST IMPLANTS,1
CONTOUR PROFILE SILTEX SALINE BREAST IMPLANT,1
"VENTILATOR, NON-CONTINUOUS",1
GEL-SALINE MAMMARY INPPLANT,1
ACTIVE ACCESSORY ELECTRODE,1
GEL SALINE IMPLANTS,1
SLAINE FILLED MAMMARY PROSTHESIS,1
SALINE CONTENT SILICONE MAMMARY IMPLANTS,1
"MAMMARY IMPLANT, GEL-GILLED",1
BREAST PROSTHESIS (SALINE),1
SILICONE MAMMARY DEVICE,1
SALINE IMPLANT 225CC,1
GEL-LEAF VALVE,1
TEXTURED MAMMARY IMPLANT,1
SUGRICAL MESH,1
MAMMARY SILICONE IMPLANT,1
MCGHAN SALINE FILLED BREAST IMPLANT,1
STYLE 2900 SILTEX CONTOUR PROFILE BREAST IMPLANT,1
BREAST   IMPLANT,1
LOW BLEED SMOOTH WALL GEL MAMMARY PROSTH,1
"GEL-FILLED SILICONE MAMMARY IMPLANT, HP",1
MAMAARY IMPLANTS-SALINE,1
"TEXTURED, SALINE BREAST IMPLANTS",1
GEL-SALINE IMPLANT,1
TEXTURED BREAST IMPLANTS,1
R320CC & L340CC,1
"PROSTHESIS, BREAST, NONINFLATABLE, INTERNAL, SILICONE PEL-FILLED",1
MENTOR SMOOTH GEL BREAST IMPLANT,1
BILATERAL SALNE BREAST IMPLANTS,1
"BREAST IMPLANT, 300 AND 230 CC",1
BREAST IMPLANTS RIGHT AND LEFT,1
"PROSTHESIS, BREAST, INFLATABLE, INTERNAL",1
BREAST IMPLANTS SALINE FILLED,1
"SILTEX BREAT IMPLANT, 450CC HIGH PROFILE TEXTURED GEL",1
BILATERAL SILICONE GEL IMPLANTS,1
DOUBLE LUMEN MAMMARY IMPLANTS,1
SMOOTH SILICONE IMPLANT,1
GEL/SA/INE MAMMARY IMPLANTS,1
SMOOTH BOUND HIGH PROFILE,1
EXPANDER TISSUE MGHT EFPR,1
DOUBLE LUMEN-SILICONE/SALINE GEL IMPLANT,1
"PROSTHESES, MAMMARY, INTERAL, GEL-FILLED (L&R)",1
SILTEX BREAST EXPANDER,1
MAMMARY PROSTHESIS - SILICONE GEL,1
SALINE FILLED MAMMORY IMPLANTS,1
MAMMARY PROSTHESIS LEFT,1
MAMMARY IMPLANTS SILICONE/SALINE,1
SILICOEN BREAST IMPLANT AND CAPSULE,1
IMPLANTABLE CARDIOVERTER DEFIBRILLATOR,1
SURGITEK 220CC L SILICON GEL,1
BILATERAL BREAST PROSTHESIS,1
SILICON IMPLANT 6/4/86,1
SALINE MAMARY,1
"REUSABLE 4"" SHOD BOVIE EXTENSION",1
Saline Breast Implant,1
"MAMMARY IMPLANTS, GEL-FILLED",1
GEL BREAST IMPLANT 330CC,1
BREASTR IMPLANT,1
GEL-FILLE MAMMARY IMPLANT,1
180-200 CC DOUBLE LUMEN MAMMARY IMPLANT,1
SMOOTH SALINE MAMMARY IMPLANT,1
TEXTURED PREFILLED SALINE BREAST IMPLANT,1
SALINE/SILICONE SHELL BREAST IMPLANT (BIL),1
"TAPE, SKIN CLOSURE",1
BREAST PROSTHESIS WITH DACRON PATCHES,1
COMBINATION GEL-INFLATABLE BREAST IMPLANT,1
"SALINE IMPLANT, LEFT",1
SALINE FILLED BREAT IMPLANT,1
BOVIE PENCIL,1
"BREAST IMPLANT, 475",1
MOD. PROFILE SALINE MAMM. PROSTHESIS BREAST IMPLANTS,1
220CC,1
SILICONE GEL 450CC,1
SILICONE BREAST IMPLANT (235 CC),1
NATRELLE SILICONE-FILLED BREAST IMPLANT,1
SILICONE GEL BREAST IMPLANT 220CC,1
315CC,1
MAMMARY IMPLANTS - GEL DOUBLE LUMEN,1
SILICONE GEL/BREAST IMPLANT,1
BECKER IMPLANT,1
SALINE MAMMORY IMPLANTS,1
SILICONE GEL FILLED IMPLANT- LEFT,1
MENTOR MOULDED TEARDROP BREAST IMPLANT,1
PROFILE SALINE MAMMARY IMPLANTS,1
SILICONE BREAST IMPLANT LEFT BREAST,1
SILTEX ROUND,1
UK,1
PRE-FILLED SALINE TEXTURED BREAST IMPLANTS,1
SILICONE MEMMARY IMPLANT,1
"PROSTHESIS, BREAST, SILICONE, RIGHT",1
"MAMMARY, IMPLANT 350CC",1
TEXTURED SALINE-FILLED BREAST IMPLANTS,1
SILTEX SALINE FILLED MAMM PROSTH,1
SILICONE GEL-FILLED SALINE BREAST IMPLANT,1
BREAST CAPSULE TISSUE; BREAST PROSTHESIS,1
MENTOR SMOOTH SILICONE,1
UN,1
SILICONE BREAST IMPLANT LEFT,1
PROBES,1
BREAST SILTEX 425CC IMPLANT,1
BREAST (SILICONE) IMPLANTS,1
CUSTOM MAMMARY,1
VENTILATOR,1
BILATERAL BREAST IMPLANTS (400 CC EACH),1
BI-LATERAL BREAST IMPLANTS,1
MEMORY GEL BREAST IMPLANT 325CC,1
BREAST IMPLANTS SILICONE GEL FILLED,1
SILICONE MAMMORY IMPLANTS,1
BRISTOL 280CC,1
2WALL,1
RT. & LT. SILICONE BREAST IMPLANTS,1
PT BREAST SILICONE IMPLANT,1
BI-POLAR SCISSORS,1
FLUID FILLED BREAST IMPLANTS,1
SMOOTH GEL FILLED MAMMARY PROSTH,1
STYLE 80-SILICONE IMPLANTS,1
TEXTURED SALINE BREAST IMPLANT 475CC,1
SILIICONE BREAST IMPLANTS,1
SUB BI-LUMEN SILICON BREAST IMPLANT,1
MAMMARY IMPLANT ROUND ADJUSTABLE RECON 500/580CC,1
"SALINE FILLED BREAST IMPLANT, 330 CC",1
"PULSE GENERATOR, PERMANENT, IMPLANTABLE",1
SILICONE RECONSTRUCTIVE BREAST IMPLANT,1
BILATERAL REPLICON IMPLANTS,1
RT & LT SALINE BREAST IMPLANTS,1
EXANDER MAMMARY PROSTH,1
SILICONE BRAST IMPLANTS,1
SILICONE BREAST IMPLANT MODERATE PROFILE 200CC,1
BILATERAL GELBREAST IMPLANTS,1
"PROTHESES, MAMMARY, INTERNAL, GEL-FILLED",1
LEFT BREAST SALINE IMPLANT,1
"BREAST IMPLANT, GEL, SILICONE",1
"SALINE BREAST IMPLANT, SMOOTH, ROUND",1
"SALINE FILLED BREAST IMPLANT, 320 CC",1
SALINE/SILICONE BREAST PROSTHESIS,1
MAMMARY IMPLANTS BILATERALLY,1
SABRE 180,1
360 CC BREAST IMPLANT,1
BREAST IMPLANT SILTEX ROUND MODERATE PROFILE SALINE 350 ML,1
"MAMMARY, INPLANT, GEL-FILLED",1
"PROSTHESES, MAMMARY, INTERNAL, SALINE FILLED",1
B SILICONE GEL 350CC BREAST IMPLANTS,1
SALINE FILLED MAMMARY IMPLANT 310CC,1
BREAST IMPLATNS,1
BILUMEN SILICONE GEL MAMMARY IMPLANT,1
MAMMARY PRSOTHESIS,1
MENTOR SILTEX SALINE BREAST IMPLANT,1
STYLE 2100,1
SMOOTH SURFACE SILICONE GEL BREAST IMPLANTS,1
ELECTROSURGICAL ELECTRODE EXTENDER,1
SALINE SUMMARY,1
SILASTIC II SILICONE BREAST IMPLANT,1
440CC,1
"MAMMARY IMPLANT, GELL-FILLED",1
STYLE 76 DOUBLE-LUMEN,1
"240 CC SALINE IMPLANTS, RIGHT",1
SILICONE GEL BREAST IMPLANTS- BILATERAL,1
MAMMARY GEL/SALINE,1
"BREAST IMPLANTS, RIGHT AND LEFT",1
RT. SALINE BREAST IMPLANT,1
"MAMMARY IMPLANT, GEL-FIILLED",1
BREAST IMPLANT - SALINE FILLED,1
"SILICONE GEL BREAST IMPLANT, 300CC",1
"BREAST IMPLANTS, RIGHT AND LEFT, SILICONE",1
"MAMMARY IMPLANT, 220CC",1
LEFT MAMMARY IMPLANT (SILICONE),1
SILICONE MAMMARY IMPLANTQ,1
SALINE IMPLANTS HIGH PROFILE TEXTURE,1
SUBGLANDULAR GEL BREAST IMPLANTS,1
BOVIE UNIT,1
MAMMARY GEL-SALINE IMPLANTS,1
220CC GELS,1
POLYVINYL ALCOHOL,1
POLYURETHANE-COVERED MAMMRY IMPLANT,1
BREAST IMPLANTS 300 CC,1
BREAST IMPLANT-GEL,1
SILTEX LB GEL-FILLED MAMMARY PROSTHESIS,1
"PROSTHESIS, BREAST, INFLATABLE, INTERNAL SALINE",1
SILICONE BREASE IMPLANT LT,1
CAUTERY PENCIL IN PLASTICS TRAY,1
BIL. BREAST IMLANTS (400 CC EACH),1
LT. BR IMPLANT,1
BI-LUMEN SILICONE GEL BREAST IMPLANT,1
SALINE CONTENT SILICONE MAMMARY DEVICES,1
"SOLID SILICONE CUSTOM IMPLANT, STERILE",1
\SILICONE BREAST IMPLANTS,1
SALINE IMPLANT L STYLE 150,1
HUTCHINSON -HSL-0300-,1
"BREAST PROTHESIS, BILATERAL",1
R GEL BREAST IMP,1
SILTEX SALINE FILLED BREAST IMPLANT,1
TEXTURED SALINE IMPLANTS 550 CC,1
SILASTIC SILICONE GEL MAMMARY IMPLANT,1
BREAST IMPLANT CUSTOM STYLE,1
GEL/SALINE MAMMARY IMPLANTS,1
SILICONE - FILLED BREAST IMPLANT,1
GEL IMPLANTS (BREAST),1
SILICONE GEL-FILLED MAMMARYB PROSTHESES,1
SILICON BREAST IMPLANT 330ML,1
GEL/SALINE MAMMARY IMPLANT,1
BREAST IMPLANT 7600,1
LEFT BREAST EXPANDER,1
POLYURETHANE,1
BECKER (SILICONE/SALINE) BREAST IMPLANT,1
MAMMARY PROSTHESIS (LEFT),1
BARBED SUTURE/NEEDLES,1
BREAST IMPLANT 300CC FILLED TO 330,1
SALINE FILLED PROSTHESIS,1
BREAST IMPLANTS-GEL FILLED,1
SILICONE GEL BREAST IMPLANT 315CC,1
ULTHERA AESTHETIC ULTRASOUND SYSTEM,1
BREAST IMPLANTS SILICONE GUMMY BEAR,1
SILICONE GEL AND SALINE MIXED BREAST IMPLANT,1
BREAST IMPLANT 360CC,1
MAMMARY IMPLANT-SALINE-FILLED,1
BEAST IMPLANT,1
SMOOTH GEL,1
LOW PROFILE BREAST IMPLANT,1
STYLE 120 300CC GEL-FILLED MAMMARY IMPLANT,1
BI-LUMEN SALINE SILICONE IMPLANT,1
"CASE, STERILIZATION SYSTEM",1
SILICONE GEL FILL MAMMARY IMPLANT,1
"IMPLANT, BREAST, SAILINE-FILLED",1
"FULL FIELD DIGITAL, SYSTEM, X-RAY, MAMMOGRAPHIC",1
"(L) 265CC, (R) 265:40",1
SILICONE BREAST IMPLANT DEVICE,1
GEL IMPLANTS BILATERAL,1
CRESCENT TISSUE EXPANDER,1
CELTEX BREAST IMPLANT,1
DOUBLE LUMEN GEL BREAST IMPLANT,1
DOUBLE LUMEN SILICONE MAMMARY PROSTHESIS,1
BREST IMPLANTS,1
SILICONE AND SALINE BREAST IMPLANT COMBO,1
"SILICONE IMPLANT, 400CC",1
MCGHAN 300 CC,1
SILICONE BREAST IMPLANT 200CC LEFT,1
"MAMMARY IMPLANT, 320/360 CC",1
TRIPLE LUMEN,1
"PROSTESES, MAMMARY, INTERNAL",1
SILICONE BILATERAL BREAST IMPLANT,1
GEL BREAST IMPLANTS 200CC,1
CONTOUR PROFILE IMPLANTS,1
MCGHAN SALINE IMPLANT,1
SILTEX 425 CC ROUND SALINE IMPLANT,1
BREAST,1
DOUBLE LUMEN SALINE/SILICONE,1
BOVIE TIP EXTENDER,1
MAMMARY IMPLANTS VOL 275 CC,1
"MCGHAN STYLE 120 GEL, HIGH ROUND TEXTURED",1
"SILICONE IMPLANT, SALINE INSIDE",1
SILICONE LOW PROFILE BREAST IMPLANT 165CC,1
MAMMRY PROSTHESIS,1
CRONIN GEL-FILLED MAMMARY IMPLANT,1
POLYURETHANE COATED SILICONE,1
BREAST IMPLANTS (SEROPIAN TYPE),1
SALINE BREAST IMPLANT (LEFT),1
INJECTED SILICONE,1
"SILICONE BREAST IMPLANT, 240CC",1
SMOOTH RND MOD GEL MAMM PROS,1
MENTOR SILICONE GEL SMOOTH MODERATE PLUS,1
MAMMARY IMPLANTS - SALINE,1
CARDIAC MARKER TEST,1
BREAST IMPLANT SMOOTHE SURFACE GEL FILLED,1
SILASTIC TMJ DISC,1
SALINE FILLED IMPLANT 420CC,1
SUREFIT GROUND PAD,1
"SALINE RIGHT BREAST IMPLANT, SMOOTH ROUND",1
COHESIVE GEL SILICONE 450 CC,1
350101100-MESH FLAT,1
SALINE FILLED SILICONE SACK BREAST IMPLANTS,1
LEFT BREAST SILICONE PROSTHESIS,1
DOUBLE LUMEN GEL,1
BREAST IMPLANT - RIGHT,1
SILICONE BREAT IMPLANT (R),1
INSULATED COATED ELECTRODE,1
RT & LT BREAST IMPLANT,1
BREAST IMPLANT (SILICONE GEL),1
BARBED SUTURE AND NEEDLES,1
SALINE GEL FILLED MAMMARY EXP./PROS.,1
310 CC GAL BREAST IMPLANT,1
"GEL, DACRON PATCH BREAST IMPLANT",1
SILASTIC SILICONE IMPLANTS,1
BECKER IMPLANTS,1
"SALINE BREAST IMPLANT, 425CC",1
SILICON 230CC BREAST,1
SILICONE/SALINE FILLED IMPLANT,1
BREAST IMPLANTS SALINE,1
"TESTURED SILICONE BREAST IMPLANT, 410 CC",1
SMOOTH SHELL SILICONE GEL BREAST IMPLANTS,1
NORMAL SALINE BREAST IMPLANT,1
BREAST IMPLANT TEXTURED,1
SUBGLANDULAR MCGHAN GELS,1
BILATERAL SALINE BREAST IMPLANT,1
"PROSTHESIS, BREAST, GEL",1
BREAST IMPLANT (GEL),1
260CC SILICONE IMPLANTS,1
ELECTROSURGICAL NEEDLE ELECTRODE EXTENSION,1
MCGHAN 28-320CC DUAL LUMEN,1
BECKER 25 IMPLANT 800CC VOLUME,1
BREAST IMPLANT - SILICONE GEL,1
GEL-FILLED SILICONE BREAST IMPLANTS,1
SALINE BREAST IMPLANT (EXPANDER),1
"TEXTURED, GEL",1
SALINE BREAST IMPLANTS-BILATERAL,1
"POISON, BREAST IMPLANTS",1
CAUTERY DEVICE,1
BREAST TISSUE MARKER,1
GEL AND BILUMEN BREAST IMPLANTS,1
LEFT/RIGHT BREAST IMPLANT,1
BREAST IMPLANT TYPE UNCLEAR,1
BREAST IMPLANT PROSTHESIS,1
INTRAOCULAR LENS,1
ROUND SALINE IMPLANT,1
(RIGHT) BREAST IMPLANT,1
SILTEX SALINE FILLED,1
SILICONE-GEL BREAST IMPLANT,1
BREAST/SILICONE IMPLANT,1
POLYURETHANE FOAM GEL-FILLED BREAST IMPLANTS,1
225 CC SALINE,1
GEL BREAST IMPLANT 235CC,1
BREAST IMPLANTS - BIL,1
SALINE PROSTHETIC IMPLANT,1
SILTEX SALINE-FILLED MAMMARY PROSTH,1
SILTEX/SALINE,1
SILICONE BREAST IMPLANT (2),1
PENILE IMPLANT,1
IMPLANT BREAST,1
"SILICONE GEL BREAST IMPLANTS, SINGLE LUMEN",1
SILASTIC II LOW PROFILE BREAST IMPLANT,1
225 CC,1
EXPANDER/ MAMMARY PROSTH,1
BREAST IMPLANT SILICONE GEL,1
ABSORBABLE SUTURE,1
SMOOTH MPP GEL MAMMARY PROSTH,1
SILTEX BREAST SALINE IMPLANTS 354-2635,1
COHESIVE GEL SMOOTH ROUND IMPLANT,1
"MENTOR 400CC, 450 ML",1
EXPANDER/MAMARY PROSTH,1
CENTRAL/PLATIC SURGERY,1
250 CC MODERATE CONTOUR PATCHLESS,1
MAMMARY IMPLANT AND TISSUE EXPANDER,1
"PROSTHESIS, MAMMARY, INTERNAL (RIGHT AND LEFT)",1
LEFT BILUMEN IMPLANT RUPTURED,1
TEXTURED SILICONE BREAST IMPLANTS,1
BREAST PROSTHESIS BILATERAL SILICONE,1
SALINE MAMMARY IMPLANTS (BREAST),1
SALINE BREAT IMPLANT,1
MAMMARY IMPLANT - STYLE 68,1
MCGHAN BIOCELL TEXTURED SALINE BREAST IMPLANTS,1
BREAST TISSUE EXPANDER 500CC,1
SALINE-FILLED BREAST PROSTHESES,1
PROSTHESIS/EXPANDER,1
ROUND TEXTURED MAMMARY IMPLANT,1
"SILICONE BREAST IMPLANT, LEFT",1
SILICONE GEL MAMMOY IMPLANTS,1
BREAST IMPLANTS ALLERGAN/INAMED,1
INJECTION DOME,1
POLYURETHRANE,1
"MAMMARY IMPLANT 13.7, 300CC",1
SMOOTH SHELL GEL FILLED BREAST IMPLANTS,1
320 CC,1
"LAPAROSCOPE, GENERAL & PLASTIC SURGERY",1
STYLE 76,1
SALINE BEAST IMPLANT,1
SINGLE LUMEN SILICONE GEL IMPLANT,1
2600 SILTEX SALINE-FILLED MAMMARY PROSTHESIS,1
"MAMMARY IMPLANT, GEL SALINE",1
SMOOTH ROUND HIGH PROFILE SALINE 450 CC,1
"CATHETER, CONDUCTION, ANESTHETIC",1
"SILICONE GEL IMPLANT RT 190CC, LT 285CC",1
BREAST IMPLANTS SILTEX,1
SALINE TEXTURED IMPLANT,1
300CC GELS,1
SILICONE-GEL FILLED MAMMARY PROSTHESES,1
SALINE IMPLANTS BREAST,1
GEL/SALINE BREAST IMPLANTS,1
"MESH, SURGICAL, SYNTHETIC, UROGYNECOLOGIC",1
TISSUE EXPANDER- BREAST,1
ROUND SALINE FILTED BREAST IMPLANTS,1
SMOOTH ROUND MODERATE PROFILE SALINE,1
SILTEX SALINE - FILLED/MAMMARY IMPLANT,1
OUTER BREAST IMPLANT,1
CBG MANAGED CHOICE BASIN GENERAL,1
BILATERAL POLYURETHANE BREAST IMPLANTS,1
SILASTIC PROSTHESIS,1
GEL BREAST PROSTHESIS,1
"5"" REUSABLE STRAIGHT ELECTRODE EXTENDER",1
SALINE-FILL BREAST IMPLANT,1
MAMMARY PROSTHESIS/BILATERAL,1
SILICONE GEL BREAST IMPLANT BILUMEN 240CC,1
363 MAMMARY IMPLANT,1
SILTEX BECKER EXPAN MAMMARY PROSTHESIS,1
SMOOTH ROUND SALINE MAMMARY IMPLANTS,1
DOUBLE-LUMEN SILICONE BREAST IMPLANTS,1
120 CC SALINE FILL ROUNDED DIAPHRAM VALVE BREAST IMPLANT BIO,1
DOW CORNING BREAST IMPLANTS 240CC,1
SIENTRA BREAST IMPLANT,1
"VENTILATOR, CONTINUOUS (FACILTIY/HOME) CBK",1
MCGHAN STYLE 153 DOUBLE-LUMEN B,1
BREAST IMPLANT 230 CC,1
BILUMEN GEL (SILICONE) IMPLANTS,1
NON INSULATED CAUTERY TIP WITHIN,1
NO INFORMATION,1
350-1660,1
SALINE MAMMARY INPLANTS,1
DOUBLE LUEMN SALINE/GEL BREAST IMPLANTS,1
BREAST IMPLANTS (2),1
BILATERAL SUBGLANDULAR SILICONE IMPLANTS,1
"BREAST IMPLANT, RT 200CC PLUS 50CC",1
COMBINATION GEL & INFLATABLE MAMMARY STYLE 3200 LOW PROFILE,1
GEL FILLED MAMMOY PROSTH,1
ALLERGAN 410 SHAPED SILICONE IMPLANT,1
"TABLE, OPERATING-ROOM, AC-POWERED",1
BIOCELL TEXTURED BREAST IMPLANT,1
PARAGEL HIGH PROFILE 1200CC IMPLANTS,1
POLYURETHANE COVERED MAMMARY IMPLANT,1
SALINE BREAST TISSUE EXPANDER,1
MEMORY GEL BREAST IMPLANTS,1
SILICONE GEL-FILLED BREAST PROSTHESIS IMPLANTS,1
EXTENDED BLADE ELECTRODE,1
RPEFILLED SALINE IMPLANT,1
UNK RIGHT IMPLANT,1
RIGHT SILICONE BREAST IMPLANT,1
POLYURETHANE IMPLANTS,1
BREAST IMPLANT 275CC BILATERAL,1
MALAR IMPLANTS,1
VOLUMER SIZER,1
GEL 1+10080-SMED,1
878.4020 OCCLUSIVE WOUND DRESSING,1
"MAMMARY IMPLANT, 480CC",1
BREAST SILICONE GEL IMPLANT,1
BREAST IMPLANTS GEL,1
SILICONE IMPLANTS BREAST,1
"PROSTHESIS, BREAST, NONINFLATABLE",1
MAMMARY IMPLANTS (260 CC),1
"RT 125+40, LT 125/25",1
"SALINE IMPLANT - TEXTURED, ROUND 300CC O/F TO 325CC",1
BECKER,1
TEXTURED SILICONE MAMMARY IMPLANTS,1
BREAST PROSTHESIS (SILICONE),1
FOAM COVERED BREAST IMPLANT,1
PATIENT WARMING,1
MENTOR SMOOTH SALINE,1
REPLICON 550CC,1
GEL FILLED SILICONE BREAST IMPLANTS,1
"SURGITEK PROSTHESES, MAMMARY, INTERNAL, GEL-FILLED",1
HEMODIALYSIS SYSTEM,1
200 CC,1
SALINE/SILICONE BREAST IMPLANTS,1
TEXTURED- SALINE BREAST IMPLANT,1
BREAST  IMPLANT,1
UNK-GEL FILLED PROSTHESIS,1
BILATERAL SALINE IMPLANTS,1
BREAST IMPLANT SILICONE (SILASTIC GEL),1
BREAST IMPLANT (R),1
BREAST IMPLANT/SILICONE,1
"MATTRESS, AIR FLOATATION, ALTERNATING PRESSURE",1
FORCEPS,1
BREAST IMPLANTS SILICONE GEL,1
250CC GEL BREAST IMPLANT,1
GEL SILICONE IMPLANTS,1
BREASE CAPSULES,1
SILICONE & DOUBLE LUMEN BREAST IMPLANTS,1
SILICONE BREAST IMPLANT 300 CC,1
SALINE (SILICONE SHELL) BREAST IMPLANT,1
TEXTURED SALINE SHELL BREAST IMPLANT 330 CC,1
SURGICAL SCAFFELD,1
"CONTINUOUS, VENTILATOR, HOME USE; NOU, CBK",1
INFLATABLE SALINE STYLE 1000 ROUND LT 185CC RT 200CC,1
SILICONE GET BREAST IMPLANTS,1
SILICONE FILLED MAMMARY PROSTHESES,1
MAM IMP GLE-FILLED,1
MACROLYTE GROUND PAD,1
SILTEX SALINE MAMMARY,1
MENTOR SILICONE SMOOTH AND MODERATE GEL BREAST IMPLANTS,1
SALINE MAMMARY IMPLANTS - TEXTURED,1
SMOOTH SHELL GEL FILLED BREAST IMPLANT,1
SALINE-FILLED BREAST IMPLANT - RIGHT SIDE,1
BREAST IMPALNTS,1
BREAST IMPLANT SALINE (LT),1
"BREAST IMPLANT, ROUND, 450 CC",1
SILICONE TEXTURED MAMMARY IMPLANTS,1
SILICONE GEL (CONTAINED SILICONE IN ENVELOPE),1
SALINE SMOOTH ROUND BREAST IMPLANT,1
BONE STIMULATOR,1
PROSTHETIC GEL BREAST IMPLANTS,1
HIGHPROFILE DOW CORNING IMPLANT,1
SALINE IMPLANT 300CC HIGH PROFILE MCGHAN IMPLANT,1
NATRELLE SILICONE - FILLED BREAST IMPLANT,1
SALINE GEL MAMMARY PROSTHESIS,1
BREAST IMPLANTS - HI PROTI - 380 CC,1
R & L SILICONE BREAST IMPLANTS,1
"PROSTHESES, MAMMARY, INTERNAL, GEL-FILLED",1
RECONSTRUCTIVE BREAST IMPLANT,1
SILTEX SALINE FILLED MAMMARY IMPLANT,1
165CC,1
BIL SILICONE BREAST IMPLANTS,1
TEXTRUED GEL-FILL MAMMARY IMPLANT,1
POLY-SILIMED BREAST IMPLANT,1
SILICONE GEL FILLED MAMMARY PROSTHESIS,1
205-200 CC,1
HLS SET ADVANCED 7.0,1
R 200:120 L 200:50,1
270 CC,1
"FILLER, RECOMBINANT HUMAN BONE MORPHOGENETIC PROTEIN, COLLAGEN SCAFFOLD WITH MET",1
SMOOTH ROUND SALINE BREAST IMPLANT,1
BREAST IMPLANT-460 CC,1
SALINE IMPLANT (R),1
270 CC SALINE FILLED IMPLANT,1
MENTOR SMOOTH SALINE BREAST MAMMARY,1
CHIN IMPLANT GEL-FILLED,1
SALIN BREAST IMPLANTS,1
BECKER DUAL LUMEN IMPLANT-BREAST,1
SCL ADJUSTABLE RECON 600/680,1
225CC TEXTURED IMPLANT,1
BREAST IMPLANT STYLE 153,1
SILCONE GEL BREAST IMPLANT,1
BREAST IMPLANT (RIGHT),1
SMOOTH MPP GEL MAMMORY PROSTH,1
MANUAL SURGICAL INSTRUMENT,1
SILICONE MEMORY GEL IMPLANT,1
ENDOSCOPIC INSTRUMENT CONTROL SYSTEM,1
SPECTRUM MAMMARY PROSTHESIS,1
SALINE IMPLANT R-SIDE ONLY,1
BREAST IMPLANTS (R) (L),1
SMOOTH WALL GEL,1
BREAST IMPLANT WITH DACRON PATCHES,1
NON-ABSORBABLE SUTURE,1
SPINAL NEEDLE,1
INSULATED BOVIE TIP,1
PROFILE SALINE/MAMMARY PROSTHESIS,1
SMOOTH ROUND HIGH PROFILE SALINE 500 CC,1
"MAMMARY-IMPLANT, GEL-FILLED",1
SILICONE BREAST IMPLANTS R & L,1
SILICONE BREAST IMPLANT 320,1
SILASTIC II BREAST IMPLANT,1
BILATERAL BREAST IMPLANTS-330 CC,1
DOUBLE LUMEN SALINE SILICONE BREAST IMPLANT,1
MENTOR SILTEX SALINE FILLED MAMMARY PROSTHESIS,1
SILICONE GEL/SALINE BREAST IMPLANTS,1
PISTON IRRIGATING SYRINGE,1
MENTOR SPECTRUM IMPLANT,1
LIGHT GUIDE CABLE,1
SILICONE GEL-DOUBLE LUMEN 235CC,1
BILUMENS 270:40,1
SILICONE IMPLANTS 320CC EACH SIDE,1
IMPLANTABLE PACING LEAD,1
SILICONE BREAST IMPLANT BREAST,1
220 CC GEL,1
SILICONE IMPLANTS MAMMARY,1
27-168421,1
UNKNOWN MAMMARY PROSTHESES,1
RIGHT AND LEFT SILICONE GEL-FILLED BREAST IMPLANTS,1
"R 125+40, L 125/25",1
BIOPLASTY GELS,1
CONTOUR PROFILE TISSUE EXPANDER SIZE 13.7X11.5X70CM,1
MAMMARY PROSTHESES GEL FILLED BILUMEN,1
IMPLANT AND SILICONE,1
SILTEX SPECTRUM BREAST PROSTHESIS,1
BREAST IMPLANT TEXTURED SURFACE 360CC,1
MAMMARY IMPLANT BREAST IMPLANT,1
"MOD PROFILE SALINE, MAMM. PROSTHESIS BREAST IMPLANTS",1
SILICONE ROUND LOW PROFILE,1
TISSUE IMPLANT,1
SILICONE BREAST IMPLANT X2,1
"SALINE BREAST IMPLANT, 425 CC",1
SILICONE BREAST IMPLANTS (BILATERAL),1
TEARDROP PATCHLESS SILICONE BREAST IMPLANT,1
MEMORYGEL SILICONE IMPLANT,1
"PROSTHESES, MAMMARY, INTERNAL (L)",1
325CC - 350CC,1
HC PE DOUBLE MOBILITY LINER,1
VENA CAVA FILTER,1
TEXTURED GEL-FILLED MAMMARY IMPLANT,1
LOW BLEED GEL 200CC,1
BARBED SUTURE AND NEEDLE,1
ANGIO SEAL VASCULAR CLOSURE DEVICE,1
"FULL-ANATOMICAL MAMMARY, SALINE FILLED",1
SALINE BREAST IMPLANT RIGHT,1
SILICONE GEL PRSOTHESIS,1
BREAST IMPLANT- RT.,1
LEFT SILICONE BREAST IMPLANT,1
"MAMMARY IMPLANT, 305CC",1
IMPLANTS: SALINE CONTENT SILICONE MAMMARY,1
MENTOR SILTEX SPECTRUM MAMMARY PROSTHESIS,1
BIOCEL ANATOMICAL POSTERIOR DENPHIGM,1
SILTEX STYLE 2600,1
SALINE MAMMORY IMPLANT,1
SILASTIC IMPLANT,1
MAMMARY,1
SILICONE BREAST IMPLANTS - 200CC,1
SILICON GEL-FILLED PROSTHESIS,1
"PROSTHESIS, NONINFLATABLE, INTERNAL, SILICONE GEL-FILLED",1
SILTEX CONTOUR PROFILE GEL MAMMARY PROSTHESES,1
SALINE MAMMARY IMPLANT (RIGHT),1
SALINE SINGLE USE SIZER,1
"240 CC SALINE IMPLANTS, LEFT",1
TMJ IMPLANT,1
BREAST TISSUE EXPANDERS,1
SALINE - FILLED,1
LT. BREAST IMPLANT,1
BECKER EXPANDER/MAMMARY PROSTHESIS,1
"SALINE IMPLANT, 360CC",1
MED 1250CC SALINE,1
SILICONE BREAST IMPLANT 400CC,1
CI300 BREAST IMPLANTS,1
CORD,1
SMOOTH ROUND MODERATE GEL SILICONE IMPLANTS,1
"BREAST IMPLANT, SILICONE, RIGHT",1
DILICONE GEL BREAST IMPLANTS,1
"CLIP, IMPLANTABLE",1
350CC NS BREAST IMPLANT,1
SILICONE (POLYEUROTHANE) IMPLANT,1
SALINE BEAST IMPLANTS,1
"PROSTHESIS, BREAST, IMPLANT",1
SILICONE BREAST IMPLANT 450 CC,1
NOT KNOWN,1
LOW-PROFILE-ROUND-SILICONE BREAST IMPLANTS,1
FILLED MAMMARY IMPLANTS,1
FILLED IMPLANT,1
"SALINE-FILLED MAMMARY PROSTHESIS, 300 CC FILLED TO MENTOR 325",1
ROUND BREAST IMPLANTS,1
MEM IMP GEL-FILLED,1
600 GEL IMPLANTS BILATERALLY,1
SMOOTH MOLD 280CC SILICONE IMPLANTS,1
TEXTURES SALINE-FILL MAMMARY IMPLANT,1
GEL-FILLED MAMMARY IMPLANTS,1
GEL BREAST IMPLANTS R 255CC L 270CC,1
RIGHT 240:45 LEFT 240:30,1
SUBGLANDULAR SILICONE IMPLANTS,1
DOUBLE LUMEN SALINE/SILICONE FILLED BREAST IMPLANTS,1
SURGITEK SILICONE BREAST IMPLANTS-300CC,1
305 BREAST IMPLANTS,1
STYLE 168 MAMMORY IMPLANT - NACL,1
SILICONE GEL BREAST IMPLANTS 270CC,1
SUBGL BILUMEN BREAST IMPLANTS,1
"SILICONE MAMMARY PROTHESIS, RIGHT",1
SILTEX TYPE BREAST IMPLANT,1
325 CC,1
SIZER,1
ABSORBABLE BARBED CLOSURE DEVICE,1
JELL BREAST IMPLANT,1
880.5240 MEDICAL ADHESIVE TAPE & BANDAGE,1
"MENTOR SMOOTH SALINE MAMMARY, 350 CC",1
HIP PROSTHESIS,1
MAMMARY IMPLANT GEL-SALINE,1
STACK POLYURETHANE FOAM COVER EXPANDER,1
440 CC SALINE FILLED BREAST IMPLANT,1
SILTEX GEL IMPLANT,1
SILICONE GEL BREAST IMLANTS,1
485CC GEL BREAST IMPLANT,1
MONOFOCAL INTRAOCULAR LENS,1
BILATERAL SUBCUTANEOUS MASTECTOMIES FOR FIBROCYSTIC DISEASE,1
NORMAL SALINE INPLANTS,1
SILICONE BREAST IMPLANT COMBO,1
SALINE/GEL,1
BREAST IMPLANT SILICONE LT & RT,1
SILICONE IMPLANTS/SALINE IMPLANTS,1
E-Z PEN,1
MENTOR SMOOTH SALINE BREAST MAMARY,1
CUSTOM PECTORAL IMPLANT,1
SURGICAL SLING,1
"7000 ROUND, SIZE 400CC",1
MAMMARY EXPANDER PROSTHESIS,1
IMPLANT - BREASTS,1
SALINE IMPLANTS WITH DIAPHRAGM,1
SILICONE WITH SALINE OUTER BREAST IMPLANT,1
R GEL BREAST IMPLANT 220CC,1
"IMPLANTS, BREASTS",1
PERMACOL MESH,1
SILICONE GEL BREAST IMPLANT WITH DACRON PATCH,1
MAMMARY IMPLENT,1
235CC RT GEL,1
"MAMMARY PROSTHESIS, 240CC",1
MAMMANY PROSTESIS,1
SILICONE GEL FILLED IMPLANTS,1
SILICONE GEL-FILL BREAST IMPLANT,1
SALINE-FILLED MAMMARY PROSTHESIS - BREAST IMPLANT,1
600CC H.P. SILICONE BREAST IMPLANT,1
BECKER STYLE SILICONE IMPLANTS,1
"PROSTHESIS, BREAST INFLATABLE, INTERNAL, SALINE",1
"LFL INSTRUMENT, ULTRASONIC SURGICAL",1
79FWM,1
MENTOR SMOOTH SALINE BREAST IMPLANT,1
BLOOD GLUCOSE MONITORING TEST STRIPS,1
SALINE TEXTURED MAMMARY IMPLANTS,1
ROUND SILICONE BREAST IMPLANT,1
STYLE 410 SILICONE FILLED BREAST IMPLANT,1
SILTEX LOW BLEED GEL FILLED MAMMARY PROSTHESIS,1
ONE STEP PREGNANCY TEST (URINE),1
SILTEX BECKER EXPANDER/MAMMARY PROSTHESIS,1
BILATERIAL BREAST IMPLANTS,1
360CC SALINE BREAST IMPLANT,1
SILICONE BREAST IMPLANT 190CC,1
TRANSPEX BREAST IMPLANTS,1
SALINE MAMMARY IMPLANT (LEFT),1
DOUBLE LUMEN SILICONE/SALINE BREAST IMPLANT,1
SILASTIC IMPLANTS,1
"PROSTHESIS, BREAST IMPLANT",1
NATRELLE,1
BREAT IMPLANTS,1
NATRELLE BREAST SIZER,1
BREAST IMPLANT-SALINE FILLED,1
TEXTURED GEL BREAST IMPLANTS,1
PROFILE SALINE MAMMARY PROSTHESIS,1
MAMMARY PROSTHESIS (RT),1
RT IMPLANT,1
SILICONE GEL-FILLED BI-LUMEN MAMMARY PROSTHESIS,1
"PROSTHESIS, BREAST, NONINFLATABLE, INTERNAL, SILICONE GEL FILLED",1
MENTOR SILICONE COHESIVE GEL IMPLANTS,1
NAC/SILICONE,1
IMPLANTABLE CHF PULSE GENERATOR,1
ABSORBABLE ADHESION BARRIER,1
CENTRAL PLASTIC SURGERY,1
235 CC,1
SILICONE GEL BREAST IMPLNATS,1
BILATERAL TEXTURED SALINE IMPLANTS,1
LEFT-000593,1
SILICONE BREAST (IMPLANT),1
PROFILE SALINE MEMORY IMPLANTS,1
SALINE IMPLANTS 250CC,1
SURGITAK,1
SALINE FILLED BREAST IMPLANT BILATERAL,1
SILTEX SPECTRUM SALINE-FILLED,1
SALINE/SILICONE IMPLANTS,1
SILITEX SALINE FILLED MAMMARY PROSTHESIS,1
BREAST IMPLANT - GEL,1
ALLERGAN NATRELLE SILICONE BREAST IMPALNT,1
SALINE-FILLED IMPLANT,1
BILATERAL MAMMARY PROSTHESIS,1
BECKER 50/50 BREAST IMPLANT,1
SILICONE BREAT IMPLANT,1
ABSORBABLE SYNTHETIC SUTURE,1
SILICONE MAMMARY IMPLANTS 350CC,1
SALINE BREAST IMPLANT 210-240CC,1
TEXTURED BREAST IMPLANT SALINE,1
GEL BREAST IMPLANT -200CC,1
350CC GEL IMPLANTS,1
NATRELLE 45,1
"BREAST IMPLANT, 262 GM",1
MCGHAN,1
DOUBLE LUMEN IMPLANTS,1
SILICONE MAMMARY BREAST IMPLANT,1
240CC,1
BILATERAL GEL FILLED BREAST IMPLANT,1
SAME 800 CC SALINE IMPLANTS,1
MAMMARY IMPLANT STYLE 82,1
NON-AC POWERED PATIENT LIFT,1
"SILICONE BREAST IMPLANT, 270CC",1
SMOOTH G3L FILLED MAMMARY PROSTHESIS,1
180/200CC,1
"BREAST IMPLANT, SILICONE, LEFT",1
BILATERAL SILICONE PROTHESIS,1
GEL & SALINE BREAST IMPLANTS,1
MENTOR SILICON,1
SILASTIC BREASET IMPLANTS,1
SALINE FILL BREAST IMPLANT,1
LFL,1
ALLERGAN SALINE IMPLANT,1
350CC GEL IMPLANT,1
400 CC BREAST IMPLANTS,1
BREAST PROSTHESIS (LEFT),1
RT MAMMARY PROSTHESIS,1
GEL BREAST IMPLANTS 300CC,1
STERNUM GENERAL SST,1
"BREAST IMPLANT, STYLE 168 TEXTURED ROUND SALINE FILLED",1
"BREAST IMPLANT, LT 200CC PLUS 25CC",1
BILATERAL SILICONE GEL BREAST IMPLANT,1
"SALINE BREAST IMPLANTS, RIGHT",1
TEXTURED ROUND SALINE MAMMARY IMPLANT,1
DOUBLE LUMEN IMPLANT,1
SALINE PILLED BREAST IMPLANT - FWM,1
FILL TUBE ASSEMBLY,1
375CC,1
SILICONE BREAST IMPLANT.,1
"SILICONE BREAST IMPLANT, 280 CC",1
ROUND GEL-FILLED,1
"SUTURE, ABSORBABLE SURGICAL",1
DISPOSABLE PENCIL,1
(550-660CC SIZE) BREAST IMPLANT,1
SILICONE TEXTURED IMPLANT,1
POLYURETHANE COVERD MAMMARY IMPLANT,1
BILATERAL HEYER SCHULTE 200CC GEL SUBGLANDULAR IMPLANTS,1
SALINE FILLED BREAST IMPLANT LEFT,1
BREAST IMPLANT 190 CM2,1
COHESIVE GEL BREAST IMPLANTS,1
SALINE FILLED ANATOMIC SHAPED,1
SALINE TEXTURE BREAST IMPLANT,1
SILICONE IMPLANTS 175ML,1
INVENIA SCAN STATION ABUS,1
BILATERAL SILTEX 250 GEL BREAST IMPLANTS,1
SAME 800CC SALINE IMPLANTS,1
BILUMEN SALINE BREAST IMPLANTS,1
RT SILICONE GEL BREAST IMPLANTS,1
ENDOSCOPIC C-SHAPED CAUTERY (RIGHT),1
BREAST IMPLANT X2,1
GEL FILLED SMOOTH SHELL BREAST IMPLANT,1
SALINE IMPLANT STYLE 168,1
"BREAST IMPLANT, 280 CC",1
SILICONE SALINE FILLED MAMMARY PROSTHESIS,1
THIN WALLED LOW PROFILE IMPLANT,1
SMOOTH SALINE FILLED IMPLANTS,1
STYLE 410FM BREAST IMPLANT GEL-FILLED BIOCELL INTRASHIEL,1
SALINE AND GEL BREAST,1
"VENTILATOR, CONTINUOUS, (FACILTIY/HOME)CBK",1
SALINE FILLED IMPLANT 410CC,1
RT BREAST IMPLANT,1
SILICONE MAMMARY IMPLANTS XL,1
SILICONE/SALINE BREAST IMPLANTS,1
POLYURE-COVERED MAMMARY IMPLANT,1
SILICONE FILLED BREAST PROSTHESIS,1
SILCIONE BREAST IMPLANT,1
SILASTIC GEL BREAST PROSTHESES,1
1600 SALINE FILLED BREAST IMPLANT,1
LEFT 220CC AND RIGHT 250CC,1
ELECTRODE EXTENSION,1
SMOOTH GEL IMPLANT,1
MAMMARY PROSTHESIS STYLE 46 REF 25-46201,1
SILTEX SALINE BREAST IMPLANT (RT),1
BILATERAL DOUBLE LUMEN BREAAST IMPLANTS,1
365CC SINGLE LUMEN GEL IMPLANT,1
CUSTOM SOLID SILICONE IMPLANT,1
"IMPLANT, PROSTHESIS, BREAST",1
BREAST PUMP,1
"BREAST IMPLANTS,SILICONE GEL",1
"MAMMARY IMPLANT, 225CC",1
DOUBLE LUMEN SIZE 165 WITH 20CC SALINE,1
GEL BREAST IMPLANT TS,1
SILASTIC SHEATH,1
ROUND LOW-BLEED SILICONE GEL-FILLED MAMMARY PROSTHESIS,1
"MEB, BSO, KGZ",1
RIGHT SILTEX SPECTRUM MAMMARY PROSTHESIS,1
TEXTURED SILASTIC SALINE IMPLANTS,1
SILICONE GEL IMPLANTS MAMMARY,1
RIGHT SILICONE GEL BREAST IMPLANTS,1
CAUTERY PENCIL AND XODUS CAUTERY TIP,1
SALINE BREAST IMPLANT (L) 300CC,1
CAT #532,1
BREAST SALINE IMPLANTS LEFT,1
ASPETIC FLUID TRANSFER SYSTEM,1
NATRELLE SILICONE IMPLANTS,1
LEFT BREAST OUTER GEL VOL: 150CC,1
SILICONE MAMMARY BREAST IMPLANT (L),1
SALINE CONTENT SILICONE IMPLANTS,1
UNKNOWN SALINE IMPLANT,1
ELECTROSURGICAL DISPERSIVE ELECTRODE,1
"SYSTEM, X-RAY, MAMMOGRAPHIC",1
ELECTROSURGICAL AND ACCESSORIES,1
MAMMARY IMPLANT 480 CC,1
CUI PROSTHESIS,1
UNKNOWN MFR,1
UNK LEFT IMPLANT,1
SILICONE IMPLANTS- BREAST,1
GUMMY BEAR IMPLANT,1
BIOCELL MAMMARY IMPLANT,1
FACIAL FILLER,1
BALLOON DISSECTOR,1
SALINE FILLED BREAST IMPLANT 430 CC,1
SALINE IMPLANTS-BREAST,1
SALINE RT BREAST IMPLANT,1
HANDSWITCHING PENCIL,1
"BREAST IMPLANT, REJUVINATION SUIT",1
SILICONE-BREAST IMPLANT,1
TEXTURED SALINE IMPLANTS. DO NOT KNOWN IF SILICONE,1
IMPLANT - SALINE,1
SILICONE BREAST IMPLANT - DOUBLE LUMEN,1
MAM IMP SALINE-FILED,1
"SALINE BREAST PROSTHESIS, 560 CC",1
HIGH PROFILE,1
SILICONE ARTHROPLASTY OF THUMB,1
SMOOTH ROUND MODERATE PROFILE PLUS GEL BREAST IMPLANT,1
"SILASTIC II, ROUND, LOW PROFILE SILICONE GEL BREAST IMPLANT",1
"MAMMARY IMPLANT, 320/360CC",1
LEFT MAMMARY PROSTHESIS,1
GEL-FILL MAMMARY IMPALNT,1
SILTEX CONTOUR PROFILE MAMMARY PROSTHESIS,1
SALINE SMOOTH BREAST IMPLANT,1
R & L BREAST IMPLANTS,1
BREAST IMPLANTS (SALINE),1
MAMMARY IMPLANT - STYLE 468,1
TEXTUER 300CC SALINE IMPLANT,1
PARAGEL HIGH PROFILE 1500CC IMPLANTS,1
"DEFIBRILLATION LEAD, LWS",1
MAMMARY PROSTHESIS-SILICONE GEL,1
"PERCUTANEOUS, IMPLANTED, LONG-TERM INTRAVASCULAR CATHETER",1
